Warning: no access to tty (Inappropriate ioctl for device).
Thus no job control in this shell.

Currently Loaded Modules:
  1) stack-oneapi/2024.2.1              20) zstd/1.5.6
  2) ncarenv/24.12                 (S)  21) c-blosc/1.21.5
  3) craype/2.7.31                      22) netcdf-c/4.9.2
  4) intel/2024.2.1                     23) netcdf-fortran/4.6.1
  5) libfabric/1.15.2.0                 24) bacio/2.4.1
  6) cray-mpich/8.1.29                  25) crtm-fix/2.4.0.1_emc
  7) stack-cray-mpich/8.1.29            26) git-lfs/3.5.1
  8) glibc/2.31                         27) crtm/2.4.0.1
  9) intel-oneapi-runtime/2024.2.1      28) g2/3.5.1
 10) mbedtls/3.6.2                      29) g2tmpl/1.13.0
 11) nghttp2/1.63.0                     30) intel-tbb/2021.12.0
 12) curl/8.10.1                        31) intel-oneapi-mkl/2024.2.2
 13) cmake/3.27.9                       32) ip/5.1.0
 14) libjpeg/2.1.0                      33) w3emc/2.10.0
 15) jasper/2.0.32                      34) nemsio/2.5.4
 16) zlib/1.2.11                        35) sigio/2.3.3
 17) libpng/1.6.37                      36) wrf-io/1.2.0
 18) hdf5/1.14.3                        37) upp_common
 19) snappy/1.2.1                       38) derecho_intel

  Where:
   S:  Module is Sticky, requires --force to unload or purge

 

Date in format is: 2025-05-01_00.00.00
ln: No match.
ln: No match.
ln: No match.
ln: No match.
ln: No match.
ln: No match.
ln: No match.
ln: No match.
ln: No match.
Filling Namelist for upp
rm: No match.
rm: No match.
rm: No match.
19
ls: No match.
cat: No match.
Warning: no access to tty (Inappropriate ioctl for device).
Thus no job control in this shell.

Currently Loaded Modules:
  1) stack-oneapi/2024.2.1              20) zstd/1.5.6
  2) ncarenv/24.12                 (S)  21) c-blosc/1.21.5
  3) craype/2.7.31                      22) netcdf-c/4.9.2
  4) intel/2024.2.1                     23) netcdf-fortran/4.6.1
  5) libfabric/1.15.2.0                 24) bacio/2.4.1
  6) cray-mpich/8.1.29                  25) crtm-fix/2.4.0.1_emc
  7) stack-cray-mpich/8.1.29            26) git-lfs/3.5.1
  8) glibc/2.31                         27) crtm/2.4.0.1
  9) intel-oneapi-runtime/2024.2.1      28) g2/3.5.1
 10) mbedtls/3.6.2                      29) g2tmpl/1.13.0
 11) nghttp2/1.63.0                     30) intel-tbb/2021.12.0
 12) curl/8.10.1                        31) intel-oneapi-mkl/2024.2.2
 13) cmake/3.27.9                       32) ip/5.1.0
 14) libjpeg/2.1.0                      33) w3emc/2.10.0
 15) jasper/2.0.32                      34) nemsio/2.5.4
 16) zlib/1.2.11                        35) sigio/2.3.3
 17) libpng/1.6.37                      36) wrf-io/1.2.0
 18) hdf5/1.14.3                        37) upp_common
 19) snappy/1.2.1                       38) derecho_intel

  Where:
   S:  Module is Sticky, requires --force to unload or purge

 

Date in format is: 2025-05-01_00.00.00
Filling Namelist for upp
rm: No match.
rm: No match.
rm: No match.
0
The current date is 2025050100
The new date is 2025050101
Date in format is: 2025-05-01_01.00.00
Filling Namelist for upp
rm: No match.
rm: No match.
rm: No match.
Terminated
forrtl: error (78): process killed (SIGTERM)
Image              PC                Routine            Line        Source             
libc.so.6          000014D462442900  Unknown               Unknown  Unknown
upp.x              0000000000FBC65D  Unknown               Unknown  Unknown
upp.x              00000000007696A1  effr_                    2854  CALRAD_WCLOUD_newcrtm.f
upp.x              0000000000762CCE  calrad_wcloud_           1623  CALRAD_WCLOUD_newcrtm.f
upp.x              0000000000630F51  process_upp_mod_m         136  PROCESS.f
upp.x              00000000004F2AFB  MAIN__                    731  WRFPOST.F
upp.x              000000000041447D  Unknown               Unknown  Unknown
libc.so.6          000014D46242BE6C  Unknown               Unknown  Unknown
libc.so.6          000014D46242BF35  __libc_start_main     Unknown  Unknown
upp.x              0000000000414381  Unknown               Unknown  Unknown
Warning: no access to tty (Inappropriate ioctl for device).
Thus no job control in this shell.

Currently Loaded Modules:
  1) stack-oneapi/2024.2.1              20) zstd/1.5.6
  2) ncarenv/24.12                 (S)  21) c-blosc/1.21.5
  3) craype/2.7.31                      22) netcdf-c/4.9.2
  4) intel/2024.2.1                     23) netcdf-fortran/4.6.1
  5) libfabric/1.15.2.0                 24) bacio/2.4.1
  6) cray-mpich/8.1.29                  25) crtm-fix/2.4.0.1_emc
  7) stack-cray-mpich/8.1.29            26) git-lfs/3.5.1
  8) glibc/2.31                         27) crtm/2.4.0.1
  9) intel-oneapi-runtime/2024.2.1      28) g2/3.5.1
 10) mbedtls/3.6.2                      29) g2tmpl/1.13.0
 11) nghttp2/1.63.0                     30) intel-tbb/2021.12.0
 12) curl/8.10.1                        31) intel-oneapi-mkl/2024.2.2
 13) cmake/3.27.9                       32) ip/5.1.0
 14) libjpeg/2.1.0                      33) w3emc/2.10.0
 15) jasper/2.0.32                      34) nemsio/2.5.4
 16) zlib/1.2.11                        35) sigio/2.3.3
 17) libpng/1.6.37                      36) wrf-io/1.2.0
 18) hdf5/1.14.3                        37) upp_common
 19) snappy/1.2.1                       38) derecho_intel

  Where:
   S:  Module is Sticky, requires --force to unload or purge

 

Date in format is: 2025-05-01_00.00.00
Filling Namelist for upp
rm: No match.
rm: No match.
rm: No match.
0
The current date is 2025050100
The new date is 2025050101
Date in format is: 2025-05-01_01.00.00
Filling Namelist for upp
rm: No match.
rm: No match.
rm: No match.
0
The current date is 2025050101
The new date is 2025050102
Date in format is: 2025-05-01_02.00.00
Filling Namelist for upp
rm: No match.
rm: No match.
rm: No match.
0
The current date is 2025050102
The new date is 2025050103
Date in format is: 2025-05-01_03.00.00
Filling Namelist for upp
rm: No match.
rm: No match.
rm: No match.
0
The current date is 2025050103
The new date is 2025050104
Date in format is: 2025-05-01_04.00.00
Filling Namelist for upp
rm: No match.
rm: No match.
rm: No match.
0
The current date is 2025050104
The new date is 2025050105
Date in format is: 2025-05-01_05.00.00
Filling Namelist for upp
rm: No match.
rm: No match.
rm: No match.
0
The current date is 2025050105
The new date is 2025050106
Date in format is: 2025-05-01_06.00.00
Filling Namelist for upp
rm: No match.
rm: No match.
rm: No match.
0
The current date is 2025050106
The new date is 2025050107
Date in format is: 2025-05-01_07.00.00
Filling Namelist for upp
rm: No match.
rm: No match.
rm: No match.
0
The current date is 2025050107
The new date is 2025050108
Date in format is: 2025-05-01_08.00.00
Filling Namelist for upp
rm: No match.
rm: No match.
rm: No match.
0
The current date is 2025050108
The new date is 2025050109
Date in format is: 2025-05-01_09.00.00
Filling Namelist for upp
rm: No match.
rm: No match.
rm: No match.
0
The current date is 2025050109
The new date is 2025050110
Date in format is: 2025-05-01_10.00.00
Filling Namelist for upp
rm: No match.
rm: No match.
rm: No match.
0
The current date is 2025050110
The new date is 2025050111
Date in format is: 2025-05-01_11.00.00
Filling Namelist for upp
rm: No match.
rm: No match.
rm: No match.
0
The current date is 2025050111
The new date is 2025050112
Date in format is: 2025-05-01_12.00.00
Filling Namelist for upp
rm: No match.
rm: No match.
rm: No match.
0
The current date is 2025050112
The new date is 2025050113
Date in format is: 2025-05-01_13.00.00
Filling Namelist for upp
rm: No match.
rm: No match.
rm: No match.
0
The current date is 2025050113
The new date is 2025050114
Date in format is: 2025-05-01_14.00.00
Filling Namelist for upp
rm: No match.
rm: No match.
rm: No match.
0
The current date is 2025050114
The new date is 2025050115
Date in format is: 2025-05-01_15.00.00
Filling Namelist for upp
rm: No match.
rm: No match.
rm: No match.
0
The current date is 2025050115
The new date is 2025050116
Date in format is: 2025-05-01_16.00.00
Filling Namelist for upp
rm: No match.
rm: No match.
rm: No match.
0
The current date is 2025050116
The new date is 2025050117
Date in format is: 2025-05-01_17.00.00
Filling Namelist for upp
rm: No match.
rm: No match.
rm: No match.
0
The current date is 2025050117
The new date is 2025050118
Date in format is: 2025-05-01_18.00.00
Filling Namelist for upp
rm: No match.
rm: No match.
rm: No match.
0
The current date is 2025050118
The new date is 2025050119
Date in format is: 2025-05-01_19.00.00
Filling Namelist for upp
rm: No match.
rm: No match.
rm: No match.
0
The current date is 2025050119
The new date is 2025050120
Date in format is: 2025-05-01_20.00.00
Filling Namelist for upp
rm: No match.
rm: No match.
rm: No match.
0
The current date is 2025050120
The new date is 2025050121
Date in format is: 2025-05-01_21.00.00
Filling Namelist for upp
rm: No match.
rm: No match.
rm: No match.
0
The current date is 2025050121
The new date is 2025050122
Date in format is: 2025-05-01_22.00.00
Filling Namelist for upp
rm: No match.
rm: No match.
rm: No match.
0
The current date is 2025050122
The new date is 2025050123
Date in format is: 2025-05-01_23.00.00
Filling Namelist for upp
rm: No match.
rm: No match.
rm: No match.
0
The current date is 2025050123
The new date is 2025050200
Date in format is: 2025-05-02_00.00.00
Filling Namelist for upp
rm: No match.
rm: No match.
rm: No match.
Warning: no access to tty (Inappropriate ioctl for device).
Thus no job control in this shell.
Warning: no access to tty (Inappropriate ioctl for device).
Thus no job control in this shell.
Warning: no access to tty (Inappropriate ioctl for device).
Thus no job control in this shell.
Warning: no access to tty (Inappropriate ioctl for device).
Thus no job control in this shell.
Warning: no access to tty (Inappropriate ioctl for device).
Thus no job control in this shell.

Currently Loaded Modules:
  1) stack-oneapi/2024.2.1              20) zstd/1.5.6
  2) ncarenv/24.12                 (S)  21) c-blosc/1.21.5
  3) craype/2.7.31                      22) netcdf-c/4.9.2
  4) intel/2024.2.1                     23) netcdf-fortran/4.6.1
  5) libfabric/1.15.2.0                 24) bacio/2.4.1
  6) cray-mpich/8.1.29                  25) crtm-fix/2.4.0.1_emc
  7) stack-cray-mpich/8.1.29            26) git-lfs/3.5.1
  8) glibc/2.31                         27) crtm/2.4.0.1
  9) intel-oneapi-runtime/2024.2.1      28) g2/3.5.1
 10) mbedtls/3.6.2                      29) g2tmpl/1.13.0
 11) nghttp2/1.63.0                     30) intel-tbb/2021.12.0
 12) curl/8.10.1                        31) intel-oneapi-mkl/2024.2.2
 13) cmake/3.27.9                       32) ip/5.1.0
 14) libjpeg/2.1.0                      33) w3emc/2.10.0
 15) jasper/2.0.32                      34) nemsio/2.5.4
 16) zlib/1.2.11                        35) sigio/2.3.3
 17) libpng/1.6.37                      36) wrf-io/1.2.0
 18) hdf5/1.14.3                        37) upp_common
 19) snappy/1.2.1                       38) derecho_intel

  Where:
   S:  Module is Sticky, requires --force to unload or purge

 

Date in format is: 2025-05-01_00.00.00
0
Filling Namelist for upp
rm: No match.
rm: No match.
rm: No match.

Currently Loaded Modules:
  1) stack-oneapi/2024.2.1              20) zstd/1.5.6
  2) ncarenv/24.12                 (S)  21) c-blosc/1.21.5
  3) craype/2.7.31                      22) netcdf-c/4.9.2
  4) intel/2024.2.1                     23) netcdf-fortran/4.6.1
  5) libfabric/1.15.2.0                 24) bacio/2.4.1
  6) cray-mpich/8.1.29                  25) crtm-fix/2.4.0.1_emc
  7) stack-cray-mpich/8.1.29            26) git-lfs/3.5.1
  8) glibc/2.31                         27) crtm/2.4.0.1
  9) intel-oneapi-runtime/2024.2.1      28) g2/3.5.1
 10) mbedtls/3.6.2                      29) g2tmpl/1.13.0
 11) nghttp2/1.63.0                     30) intel-tbb/2021.12.0
 12) curl/8.10.1                        31) intel-oneapi-mkl/2024.2.2
 13) cmake/3.27.9                       32) ip/5.1.0
 14) libjpeg/2.1.0                      33) w3emc/2.10.0
 15) jasper/2.0.32                      34) nemsio/2.5.4
 16) zlib/1.2.11                        35) sigio/2.3.3
 17) libpng/1.6.37                      36) wrf-io/1.2.0
 18) hdf5/1.14.3                        37) upp_common
 19) snappy/1.2.1                       38) derecho_intel

  Where:
   S:  Module is Sticky, requires --force to unload or purge

 


Currently Loaded Modules:
  1) stack-oneapi/2024.2.1              20) zstd/1.5.6
  2) ncarenv/24.12                 (S)  21) c-blosc/1.21.5
  3) craype/2.7.31                      22) netcdf-c/4.9.2
  4) intel/2024.2.1                     23) netcdf-fortran/4.6.1
  5) libfabric/1.15.2.0                 24) bacio/2.4.1
  6) cray-mpich/8.1.29                  25) crtm-fix/2.4.0.1_emc
  7) stack-cray-mpich/8.1.29            26) git-lfs/3.5.1
  8) glibc/2.31                         27) crtm/2.4.0.1
  9) intel-oneapi-runtime/2024.2.1      28) g2/3.5.1
 10) mbedtls/3.6.2                      29) g2tmpl/1.13.0
 11) nghttp2/1.63.0                     30) intel-tbb/2021.12.0
 12) curl/8.10.1                        31) intel-oneapi-mkl/2024.2.2
 13) cmake/3.27.9                       32) ip/5.1.0
 14) libjpeg/2.1.0                      33) w3emc/2.10.0
 15) jasper/2.0.32                      34) nemsio/2.5.4
 16) zlib/1.2.11                        35) sigio/2.3.3
 17) libpng/1.6.37                      36) wrf-io/1.2.0
 18) hdf5/1.14.3                        37) upp_common
 19) snappy/1.2.1                       38) derecho_intel

  Where:
   S:  Module is Sticky, requires --force to unload or purge

 


Currently Loaded Modules:
  1) stack-oneapi/2024.2.1              20) zstd/1.5.6
  2) ncarenv/24.12                 (S)  21) c-blosc/1.21.5
  3) craype/2.7.31                      22) netcdf-c/4.9.2
  4) intel/2024.2.1                     23) netcdf-fortran/4.6.1
  5) libfabric/1.15.2.0                 24) bacio/2.4.1
  6) cray-mpich/8.1.29                  25) crtm-fix/2.4.0.1_emc
  7) stack-cray-mpich/8.1.29            26) git-lfs/3.5.1
  8) glibc/2.31                         27) crtm/2.4.0.1
  9) intel-oneapi-runtime/2024.2.1      28) g2/3.5.1
 10) mbedtls/3.6.2                      29) g2tmpl/1.13.0
 11) nghttp2/1.63.0                     30) intel-tbb/2021.12.0
 12) curl/8.10.1                        31) intel-oneapi-mkl/2024.2.2
 13) cmake/3.27.9                       32) ip/5.1.0
 14) libjpeg/2.1.0                      33) w3emc/2.10.0
 15) jasper/2.0.32                      34) nemsio/2.5.4
 16) zlib/1.2.11                        35) sigio/2.3.3
 17) libpng/1.6.37                      36) wrf-io/1.2.0
 18) hdf5/1.14.3                        37) upp_common
 19) snappy/1.2.1                       38) derecho_intel

  Where:
   S:  Module is Sticky, requires --force to unload or purge

 

Date in format is: 2025-04-30_00.00.00

Currently Loaded Modules:
  1) stack-oneapi/2024.2.1              20) zstd/1.5.6
  2) ncarenv/24.12                 (S)  21) c-blosc/1.21.5
  3) craype/2.7.31                      22) netcdf-c/4.9.2
  4) intel/2024.2.1                     23) netcdf-fortran/4.6.1
  5) libfabric/1.15.2.0                 24) bacio/2.4.1
  6) cray-mpich/8.1.29                  25) crtm-fix/2.4.0.1_emc
  7) stack-cray-mpich/8.1.29            26) git-lfs/3.5.1
  8) glibc/2.31                         27) crtm/2.4.0.1
  9) intel-oneapi-runtime/2024.2.1      28) g2/3.5.1
 10) mbedtls/3.6.2                      29) g2tmpl/1.13.0
 11) nghttp2/1.63.0                     30) intel-tbb/2021.12.0
 12) curl/8.10.1                        31) intel-oneapi-mkl/2024.2.2
 13) cmake/3.27.9                       32) ip/5.1.0
 14) libjpeg/2.1.0                      33) w3emc/2.10.0
 15) jasper/2.0.32                      34) nemsio/2.5.4
 16) zlib/1.2.11                        35) sigio/2.3.3
 17) libpng/1.6.37                      36) wrf-io/1.2.0
 18) hdf5/1.14.3                        37) upp_common
 19) snappy/1.2.1                       38) derecho_intel

  Where:
   S:  Module is Sticky, requires --force to unload or purge

 

Date in format is: 2025-04-29_00.00.00
The current date is 2025050200
The new date is 2025050201
Date in format is: 2025-04-28_00.00.00
Date in format is: 2025-05-02_01.00.00
Filling Namelist for upp
rm: No match.
rm: No match.
rm: No match.
Date in format is: 2025-05-02_00.00.00
Filling Namelist for upp
Filling Namelist for upp
rm: No match.
Filling Namelist for upp
rm: No match.
rm: No match.
rm: No match.
rm: No match.
rm: No match.
rm: No match.
rm: No match.
rm: No match.
Filling Namelist for upp
rm: No match.
rm: No match.
rm: No match.
ls: No match.
cat: No match.
Warning: no access to tty (Inappropriate ioctl for device).
Thus no job control in this shell.
Warning: no access to tty (Inappropriate ioctl for device).
Thus no job control in this shell.
Warning: no access to tty (Inappropriate ioctl for device).
Thus no job control in this shell.

Currently Loaded Modules:
  1) stack-oneapi/2024.2.1              20) zstd/1.5.6
  2) ncarenv/24.12                 (S)  21) c-blosc/1.21.5
  3) craype/2.7.31                      22) netcdf-c/4.9.2
  4) intel/2024.2.1                     23) netcdf-fortran/4.6.1
  5) libfabric/1.15.2.0                 24) bacio/2.4.1
  6) cray-mpich/8.1.29                  25) crtm-fix/2.4.0.1_emc
  7) stack-cray-mpich/8.1.29            26) git-lfs/3.5.1
  8) glibc/2.31                         27) crtm/2.4.0.1
  9) intel-oneapi-runtime/2024.2.1      28) g2/3.5.1
 10) mbedtls/3.6.2                      29) g2tmpl/1.13.0
 11) nghttp2/1.63.0                     30) intel-tbb/2021.12.0
 12) curl/8.10.1                        31) intel-oneapi-mkl/2024.2.2
 13) cmake/3.27.9                       32) ip/5.1.0
 14) libjpeg/2.1.0                      33) w3emc/2.10.0
 15) jasper/2.0.32                      34) nemsio/2.5.4
 16) zlib/1.2.11                        35) sigio/2.3.3
 17) libpng/1.6.37                      36) wrf-io/1.2.0
 18) hdf5/1.14.3                        37) upp_common
 19) snappy/1.2.1                       38) derecho_intel

  Where:
   S:  Module is Sticky, requires --force to unload or purge

 

Date in format is: 2025-05-03_00.00.00
Warning: no access to tty (Inappropriate ioctl for device).
Thus no job control in this shell.

Currently Loaded Modules:
  1) stack-oneapi/2024.2.1              20) zstd/1.5.6
  2) ncarenv/24.12                 (S)  21) c-blosc/1.21.5
  3) craype/2.7.31                      22) netcdf-c/4.9.2
  4) intel/2024.2.1                     23) netcdf-fortran/4.6.1
  5) libfabric/1.15.2.0                 24) bacio/2.4.1
  6) cray-mpich/8.1.29                  25) crtm-fix/2.4.0.1_emc
  7) stack-cray-mpich/8.1.29            26) git-lfs/3.5.1
  8) glibc/2.31                         27) crtm/2.4.0.1
  9) intel-oneapi-runtime/2024.2.1      28) g2/3.5.1
 10) mbedtls/3.6.2                      29) g2tmpl/1.13.0
 11) nghttp2/1.63.0                     30) intel-tbb/2021.12.0
 12) curl/8.10.1                        31) intel-oneapi-mkl/2024.2.2
 13) cmake/3.27.9                       32) ip/5.1.0
 14) libjpeg/2.1.0                      33) w3emc/2.10.0
 15) jasper/2.0.32                      34) nemsio/2.5.4
 16) zlib/1.2.11                        35) sigio/2.3.3
 17) libpng/1.6.37                      36) wrf-io/1.2.0
 18) hdf5/1.14.3                        37) upp_common
 19) snappy/1.2.1                       38) derecho_intel

  Where:
   S:  Module is Sticky, requires --force to unload or purge

 

Filling Namelist for upp
rm: No match.
rm: No match.
rm: No match.
Date in format is: 2025-05-05_00.00.00
Filling Namelist for upp
rm: No match.
rm: No match.
rm: No match.
ls: No match.
cat: No match.
ls: No match.
cat: No match.

Currently Loaded Modules:
  1) stack-oneapi/2024.2.1              20) zstd/1.5.6
  2) ncarenv/24.12                 (S)  21) c-blosc/1.21.5
  3) craype/2.7.31                      22) netcdf-c/4.9.2
  4) intel/2024.2.1                     23) netcdf-fortran/4.6.1
  5) libfabric/1.15.2.0                 24) bacio/2.4.1
  6) cray-mpich/8.1.29                  25) crtm-fix/2.4.0.1_emc
  7) stack-cray-mpich/8.1.29            26) git-lfs/3.5.1
  8) glibc/2.31                         27) crtm/2.4.0.1
  9) intel-oneapi-runtime/2024.2.1      28) g2/3.5.1
 10) mbedtls/3.6.2                      29) g2tmpl/1.13.0
 11) nghttp2/1.63.0                     30) intel-tbb/2021.12.0
 12) curl/8.10.1                        31) intel-oneapi-mkl/2024.2.2
 13) cmake/3.27.9                       32) ip/5.1.0
 14) libjpeg/2.1.0                      33) w3emc/2.10.0
 15) jasper/2.0.32                      34) nemsio/2.5.4
 16) zlib/1.2.11                        35) sigio/2.3.3
 17) libpng/1.6.37                      36) wrf-io/1.2.0
 18) hdf5/1.14.3                        37) upp_common
 19) snappy/1.2.1                       38) derecho_intel

  Where:
   S:  Module is Sticky, requires --force to unload or purge

 

Date in format is: 2025-05-07_00.00.00
Filling Namelist for upp
rm: No match.
rm: No match.
rm: No match.

Currently Loaded Modules:
  1) stack-oneapi/2024.2.1              20) zstd/1.5.6
  2) ncarenv/24.12                 (S)  21) c-blosc/1.21.5
  3) craype/2.7.31                      22) netcdf-c/4.9.2
  4) intel/2024.2.1                     23) netcdf-fortran/4.6.1
  5) libfabric/1.15.2.0                 24) bacio/2.4.1
  6) cray-mpich/8.1.29                  25) crtm-fix/2.4.0.1_emc
  7) stack-cray-mpich/8.1.29            26) git-lfs/3.5.1
  8) glibc/2.31                         27) crtm/2.4.0.1
  9) intel-oneapi-runtime/2024.2.1      28) g2/3.5.1
 10) mbedtls/3.6.2                      29) g2tmpl/1.13.0
 11) nghttp2/1.63.0                     30) intel-tbb/2021.12.0
 12) curl/8.10.1                        31) intel-oneapi-mkl/2024.2.2
 13) cmake/3.27.9                       32) ip/5.1.0
 14) libjpeg/2.1.0                      33) w3emc/2.10.0
 15) jasper/2.0.32                      34) nemsio/2.5.4
 16) zlib/1.2.11                        35) sigio/2.3.3
 17) libpng/1.6.37                      36) wrf-io/1.2.0
 18) hdf5/1.14.3                        37) upp_common
 19) snappy/1.2.1                       38) derecho_intel

  Where:
   S:  Module is Sticky, requires --force to unload or purge

 

Date in format is: 2025-05-06_00.00.00
ls: No match.
cat: No match.
Filling Namelist for upp
rm: No match.
rm: No match.
rm: No match.
ls: No match.
cat: No match.
Warning: no access to tty (Inappropriate ioctl for device).
Thus no job control in this shell.
Warning: no access to tty (Inappropriate ioctl for device).
Thus no job control in this shell.

Currently Loaded Modules:
  1) stack-oneapi/2024.2.1              20) zstd/1.5.6
  2) ncarenv/24.12                 (S)  21) c-blosc/1.21.5
  3) craype/2.7.31                      22) netcdf-c/4.9.2
  4) intel/2024.2.1                     23) netcdf-fortran/4.6.1
  5) libfabric/1.15.2.0                 24) bacio/2.4.1
  6) cray-mpich/8.1.29                  25) crtm-fix/2.4.0.1_emc
  7) stack-cray-mpich/8.1.29            26) git-lfs/3.5.1
  8) glibc/2.31                         27) crtm/2.4.0.1
  9) intel-oneapi-runtime/2024.2.1      28) g2/3.5.1
 10) mbedtls/3.6.2                      29) g2tmpl/1.13.0
 11) nghttp2/1.63.0                     30) intel-tbb/2021.12.0
 12) curl/8.10.1                        31) intel-oneapi-mkl/2024.2.2
 13) cmake/3.27.9                       32) ip/5.1.0
 14) libjpeg/2.1.0                      33) w3emc/2.10.0
 15) jasper/2.0.32                      34) nemsio/2.5.4
 16) zlib/1.2.11                        35) sigio/2.3.3
 17) libpng/1.6.37                      36) wrf-io/1.2.0
 18) hdf5/1.14.3                        37) upp_common
 19) snappy/1.2.1                       38) derecho_intel

  Where:
   S:  Module is Sticky, requires --force to unload or purge

 

Date in format is: 2025-05-08_00.00.00
Filling Namelist for upp
rm: No match.
rm: No match.
rm: No match.

Currently Loaded Modules:
  1) stack-oneapi/2024.2.1              20) zstd/1.5.6
  2) ncarenv/24.12                 (S)  21) c-blosc/1.21.5
  3) craype/2.7.31                      22) netcdf-c/4.9.2
  4) intel/2024.2.1                     23) netcdf-fortran/4.6.1
  5) libfabric/1.15.2.0                 24) bacio/2.4.1
  6) cray-mpich/8.1.29                  25) crtm-fix/2.4.0.1_emc
  7) stack-cray-mpich/8.1.29            26) git-lfs/3.5.1
  8) glibc/2.31                         27) crtm/2.4.0.1
  9) intel-oneapi-runtime/2024.2.1      28) g2/3.5.1
 10) mbedtls/3.6.2                      29) g2tmpl/1.13.0
 11) nghttp2/1.63.0                     30) intel-tbb/2021.12.0
 12) curl/8.10.1                        31) intel-oneapi-mkl/2024.2.2
 13) cmake/3.27.9                       32) ip/5.1.0
 14) libjpeg/2.1.0                      33) w3emc/2.10.0
 15) jasper/2.0.32                      34) nemsio/2.5.4
 16) zlib/1.2.11                        35) sigio/2.3.3
 17) libpng/1.6.37                      36) wrf-io/1.2.0
 18) hdf5/1.14.3                        37) upp_common
 19) snappy/1.2.1                       38) derecho_intel

  Where:
   S:  Module is Sticky, requires --force to unload or purge

 

Date in format is: 2025-05-09_00.00.00
ls: No match.
cat: No match.
Filling Namelist for upp
rm: No match.
rm: No match.
rm: No match.
ls: No match.
cat: No match.
Warning: no access to tty (Inappropriate ioctl for device).
Thus no job control in this shell.

Currently Loaded Modules:
  1) stack-oneapi/2024.2.1              20) zstd/1.5.6
  2) ncarenv/24.12                 (S)  21) c-blosc/1.21.5
  3) craype/2.7.31                      22) netcdf-c/4.9.2
  4) intel/2024.2.1                     23) netcdf-fortran/4.6.1
  5) libfabric/1.15.2.0                 24) bacio/2.4.1
  6) cray-mpich/8.1.29                  25) crtm-fix/2.4.0.1_emc
  7) stack-cray-mpich/8.1.29            26) git-lfs/3.5.1
  8) glibc/2.31                         27) crtm/2.4.0.1
  9) intel-oneapi-runtime/2024.2.1      28) g2/3.5.1
 10) mbedtls/3.6.2                      29) g2tmpl/1.13.0
 11) nghttp2/1.63.0                     30) intel-tbb/2021.12.0
 12) curl/8.10.1                        31) intel-oneapi-mkl/2024.2.2
 13) cmake/3.27.9                       32) ip/5.1.0
 14) libjpeg/2.1.0                      33) w3emc/2.10.0
 15) jasper/2.0.32                      34) nemsio/2.5.4
 16) zlib/1.2.11                        35) sigio/2.3.3
 17) libpng/1.6.37                      36) wrf-io/1.2.0
 18) hdf5/1.14.3                        37) upp_common
 19) snappy/1.2.1                       38) derecho_intel

  Where:
   S:  Module is Sticky, requires --force to unload or purge

 

Date in format is: 2025-05-04_00.00.00
Filling Namelist for upp
rm: No match.
rm: No match.
rm: No match.
ls: No match.
cat: No match.
Warning: no access to tty (Inappropriate ioctl for device).
Thus no job control in this shell.

Currently Loaded Modules:
  1) stack-oneapi/2024.2.1              20) zstd/1.5.6
  2) ncarenv/24.12                 (S)  21) c-blosc/1.21.5
  3) craype/2.7.31                      22) netcdf-c/4.9.2
  4) intel/2024.2.1                     23) netcdf-fortran/4.6.1
  5) libfabric/1.15.2.0                 24) bacio/2.4.1
  6) cray-mpich/8.1.29                  25) crtm-fix/2.4.0.1_emc
  7) stack-cray-mpich/8.1.29            26) git-lfs/3.5.1
  8) glibc/2.31                         27) crtm/2.4.0.1
  9) intel-oneapi-runtime/2024.2.1      28) g2/3.5.1
 10) mbedtls/3.6.2                      29) g2tmpl/1.13.0
 11) nghttp2/1.63.0                     30) intel-tbb/2021.12.0
 12) curl/8.10.1                        31) intel-oneapi-mkl/2024.2.2
 13) cmake/3.27.9                       32) ip/5.1.0
 14) libjpeg/2.1.0                      33) w3emc/2.10.0
 15) jasper/2.0.32                      34) nemsio/2.5.4
 16) zlib/1.2.11                        35) sigio/2.3.3
 17) libpng/1.6.37                      36) wrf-io/1.2.0
 18) hdf5/1.14.3                        37) upp_common
 19) snappy/1.2.1                       38) derecho_intel

  Where:
   S:  Module is Sticky, requires --force to unload or purge

 

Warning: no access to tty (Inappropriate ioctl for device).
Thus no job control in this shell.
Date in format is: 2025-05-10_00.00.00
Filling Namelist for upp
rm: No match.
rm: No match.
rm: No match.
ls: No match.
cat: No match.
Warning: no access to tty (Inappropriate ioctl for device).
Thus no job control in this shell.

Currently Loaded Modules:
  1) stack-oneapi/2024.2.1              20) zstd/1.5.6
  2) ncarenv/24.12                 (S)  21) c-blosc/1.21.5
  3) craype/2.7.31                      22) netcdf-c/4.9.2
  4) intel/2024.2.1                     23) netcdf-fortran/4.6.1
  5) libfabric/1.15.2.0                 24) bacio/2.4.1
  6) cray-mpich/8.1.29                  25) crtm-fix/2.4.0.1_emc
  7) stack-cray-mpich/8.1.29            26) git-lfs/3.5.1
  8) glibc/2.31                         27) crtm/2.4.0.1
  9) intel-oneapi-runtime/2024.2.1      28) g2/3.5.1
 10) mbedtls/3.6.2                      29) g2tmpl/1.13.0
 11) nghttp2/1.63.0                     30) intel-tbb/2021.12.0
 12) curl/8.10.1                        31) intel-oneapi-mkl/2024.2.2
 13) cmake/3.27.9                       32) ip/5.1.0
 14) libjpeg/2.1.0                      33) w3emc/2.10.0
 15) jasper/2.0.32                      34) nemsio/2.5.4
 16) zlib/1.2.11                        35) sigio/2.3.3
 17) libpng/1.6.37                      36) wrf-io/1.2.0
 18) hdf5/1.14.3                        37) upp_common
 19) snappy/1.2.1                       38) derecho_intel

  Where:
   S:  Module is Sticky, requires --force to unload or purge

 

Date in format is: 2025-05-12_00.00.00
Filling Namelist for upp
rm: No match.
rm: No match.
rm: No match.
ls: No match.
cat: No match.

Currently Loaded Modules:
  1) stack-oneapi/2024.2.1              20) zstd/1.5.6
  2) ncarenv/24.12                 (S)  21) c-blosc/1.21.5
  3) craype/2.7.31                      22) netcdf-c/4.9.2
  4) intel/2024.2.1                     23) netcdf-fortran/4.6.1
  5) libfabric/1.15.2.0                 24) bacio/2.4.1
  6) cray-mpich/8.1.29                  25) crtm-fix/2.4.0.1_emc
  7) stack-cray-mpich/8.1.29            26) git-lfs/3.5.1
  8) glibc/2.31                         27) crtm/2.4.0.1
  9) intel-oneapi-runtime/2024.2.1      28) g2/3.5.1
 10) mbedtls/3.6.2                      29) g2tmpl/1.13.0
 11) nghttp2/1.63.0                     30) intel-tbb/2021.12.0
 12) curl/8.10.1                        31) intel-oneapi-mkl/2024.2.2
 13) cmake/3.27.9                       32) ip/5.1.0
 14) libjpeg/2.1.0                      33) w3emc/2.10.0
 15) jasper/2.0.32                      34) nemsio/2.5.4
 16) zlib/1.2.11                        35) sigio/2.3.3
 17) libpng/1.6.37                      36) wrf-io/1.2.0
 18) hdf5/1.14.3                        37) upp_common
 19) snappy/1.2.1                       38) derecho_intel

  Where:
   S:  Module is Sticky, requires --force to unload or purge

 

Date in format is: 2025-05-11_00.00.00
Filling Namelist for upp
rm: No match.
rm: No match.
rm: No match.
ls: No match.
cat: No match.
Warning: no access to tty (Inappropriate ioctl for device).
Thus no job control in this shell.

Currently Loaded Modules:
  1) stack-oneapi/2024.2.1              20) zstd/1.5.6
  2) ncarenv/24.12                 (S)  21) c-blosc/1.21.5
  3) craype/2.7.31                      22) netcdf-c/4.9.2
  4) intel/2024.2.1                     23) netcdf-fortran/4.6.1
  5) libfabric/1.15.2.0                 24) bacio/2.4.1
  6) cray-mpich/8.1.29                  25) crtm-fix/2.4.0.1_emc
  7) stack-cray-mpich/8.1.29            26) git-lfs/3.5.1
  8) glibc/2.31                         27) crtm/2.4.0.1
  9) intel-oneapi-runtime/2024.2.1      28) g2/3.5.1
 10) mbedtls/3.6.2                      29) g2tmpl/1.13.0
 11) nghttp2/1.63.0                     30) intel-tbb/2021.12.0
 12) curl/8.10.1                        31) intel-oneapi-mkl/2024.2.2
 13) cmake/3.27.9                       32) ip/5.1.0
 14) libjpeg/2.1.0                      33) w3emc/2.10.0
 15) jasper/2.0.32                      34) nemsio/2.5.4
 16) zlib/1.2.11                        35) sigio/2.3.3
 17) libpng/1.6.37                      36) wrf-io/1.2.0
 18) hdf5/1.14.3                        37) upp_common
 19) snappy/1.2.1                       38) derecho_intel

  Where:
   S:  Module is Sticky, requires --force to unload or purge

 

Date in format is: 2025-05-13_00.00.00
Filling Namelist for upp
rm: No match.
rm: No match.
rm: No match.
Warning: no access to tty (Inappropriate ioctl for device).
Thus no job control in this shell.
ls: No match.
cat: No match.
Warning: no access to tty (Inappropriate ioctl for device).
Thus no job control in this shell.

Currently Loaded Modules:
  1) stack-oneapi/2024.2.1              20) zstd/1.5.6
  2) ncarenv/24.12                 (S)  21) c-blosc/1.21.5
  3) craype/2.7.31                      22) netcdf-c/4.9.2
  4) intel/2024.2.1                     23) netcdf-fortran/4.6.1
  5) libfabric/1.15.2.0                 24) bacio/2.4.1
  6) cray-mpich/8.1.29                  25) crtm-fix/2.4.0.1_emc
  7) stack-cray-mpich/8.1.29            26) git-lfs/3.5.1
  8) glibc/2.31                         27) crtm/2.4.0.1
  9) intel-oneapi-runtime/2024.2.1      28) g2/3.5.1
 10) mbedtls/3.6.2                      29) g2tmpl/1.13.0
 11) nghttp2/1.63.0                     30) intel-tbb/2021.12.0
 12) curl/8.10.1                        31) intel-oneapi-mkl/2024.2.2
 13) cmake/3.27.9                       32) ip/5.1.0
 14) libjpeg/2.1.0                      33) w3emc/2.10.0
 15) jasper/2.0.32                      34) nemsio/2.5.4
 16) zlib/1.2.11                        35) sigio/2.3.3
 17) libpng/1.6.37                      36) wrf-io/1.2.0
 18) hdf5/1.14.3                        37) upp_common
 19) snappy/1.2.1                       38) derecho_intel

  Where:
   S:  Module is Sticky, requires --force to unload or purge

 

Date in format is: 2025-05-14_00.00.00
Filling Namelist for upp
rm: No match.
rm: No match.
rm: No match.
ls: No match.
cat: No match.

Currently Loaded Modules:
  1) stack-oneapi/2024.2.1              20) zstd/1.5.6
  2) ncarenv/24.12                 (S)  21) c-blosc/1.21.5
  3) craype/2.7.31                      22) netcdf-c/4.9.2
  4) intel/2024.2.1                     23) netcdf-fortran/4.6.1
  5) libfabric/1.15.2.0                 24) bacio/2.4.1
  6) cray-mpich/8.1.29                  25) crtm-fix/2.4.0.1_emc
  7) stack-cray-mpich/8.1.29            26) git-lfs/3.5.1
  8) glibc/2.31                         27) crtm/2.4.0.1
  9) intel-oneapi-runtime/2024.2.1      28) g2/3.5.1
 10) mbedtls/3.6.2                      29) g2tmpl/1.13.0
 11) nghttp2/1.63.0                     30) intel-tbb/2021.12.0
 12) curl/8.10.1                        31) intel-oneapi-mkl/2024.2.2
 13) cmake/3.27.9                       32) ip/5.1.0
 14) libjpeg/2.1.0                      33) w3emc/2.10.0
 15) jasper/2.0.32                      34) nemsio/2.5.4
 16) zlib/1.2.11                        35) sigio/2.3.3
 17) libpng/1.6.37                      36) wrf-io/1.2.0
 18) hdf5/1.14.3                        37) upp_common
 19) snappy/1.2.1                       38) derecho_intel

  Where:
   S:  Module is Sticky, requires --force to unload or purge

 

Date in format is: 2025-05-15_00.00.00
Filling Namelist for upp
rm: No match.
rm: No match.
rm: No match.
ls: No match.
cat: No match.
Warning: no access to tty (Inappropriate ioctl for device).
Thus no job control in this shell.

Currently Loaded Modules:
  1) stack-oneapi/2024.2.1              20) zstd/1.5.6
  2) ncarenv/24.12                 (S)  21) c-blosc/1.21.5
  3) craype/2.7.31                      22) netcdf-c/4.9.2
  4) intel/2024.2.1                     23) netcdf-fortran/4.6.1
  5) libfabric/1.15.2.0                 24) bacio/2.4.1
  6) cray-mpich/8.1.29                  25) crtm-fix/2.4.0.1_emc
  7) stack-cray-mpich/8.1.29            26) git-lfs/3.5.1
  8) glibc/2.31                         27) crtm/2.4.0.1
  9) intel-oneapi-runtime/2024.2.1      28) g2/3.5.1
 10) mbedtls/3.6.2                      29) g2tmpl/1.13.0
 11) nghttp2/1.63.0                     30) intel-tbb/2021.12.0
 12) curl/8.10.1                        31) intel-oneapi-mkl/2024.2.2
 13) cmake/3.27.9                       32) ip/5.1.0
 14) libjpeg/2.1.0                      33) w3emc/2.10.0
 15) jasper/2.0.32                      34) nemsio/2.5.4
 16) zlib/1.2.11                        35) sigio/2.3.3
 17) libpng/1.6.37                      36) wrf-io/1.2.0
 18) hdf5/1.14.3                        37) upp_common
 19) snappy/1.2.1                       38) derecho_intel

  Where:
   S:  Module is Sticky, requires --force to unload or purge

 

Warning: no access to tty (Inappropriate ioctl for device).
Thus no job control in this shell.
Date in format is: 2025-05-17_00.00.00
Filling Namelist for upp
rm: No match.
rm: No match.
rm: No match.

Currently Loaded Modules:
  1) stack-oneapi/2024.2.1              20) zstd/1.5.6
  2) ncarenv/24.12                 (S)  21) c-blosc/1.21.5
  3) craype/2.7.31                      22) netcdf-c/4.9.2
  4) intel/2024.2.1                     23) netcdf-fortran/4.6.1
  5) libfabric/1.15.2.0                 24) bacio/2.4.1
  6) cray-mpich/8.1.29                  25) crtm-fix/2.4.0.1_emc
  7) stack-cray-mpich/8.1.29            26) git-lfs/3.5.1
  8) glibc/2.31                         27) crtm/2.4.0.1
  9) intel-oneapi-runtime/2024.2.1      28) g2/3.5.1
 10) mbedtls/3.6.2                      29) g2tmpl/1.13.0
 11) nghttp2/1.63.0                     30) intel-tbb/2021.12.0
 12) curl/8.10.1                        31) intel-oneapi-mkl/2024.2.2
 13) cmake/3.27.9                       32) ip/5.1.0
 14) libjpeg/2.1.0                      33) w3emc/2.10.0
 15) jasper/2.0.32                      34) nemsio/2.5.4
 16) zlib/1.2.11                        35) sigio/2.3.3
 17) libpng/1.6.37                      36) wrf-io/1.2.0
 18) hdf5/1.14.3                        37) upp_common
 19) snappy/1.2.1                       38) derecho_intel

  Where:
   S:  Module is Sticky, requires --force to unload or purge

 

Date in format is: 2025-05-18_00.00.00
Filling Namelist for upp
rm: No match.
rm: No match.
rm: No match.
Warning: no access to tty (Inappropriate ioctl for device).
Thus no job control in this shell.

Currently Loaded Modules:
  1) stack-oneapi/2024.2.1              20) zstd/1.5.6
  2) ncarenv/24.12                 (S)  21) c-blosc/1.21.5
  3) craype/2.7.31                      22) netcdf-c/4.9.2
  4) intel/2024.2.1                     23) netcdf-fortran/4.6.1
  5) libfabric/1.15.2.0                 24) bacio/2.4.1
  6) cray-mpich/8.1.29                  25) crtm-fix/2.4.0.1_emc
  7) stack-cray-mpich/8.1.29            26) git-lfs/3.5.1
  8) glibc/2.31                         27) crtm/2.4.0.1
  9) intel-oneapi-runtime/2024.2.1      28) g2/3.5.1
 10) mbedtls/3.6.2                      29) g2tmpl/1.13.0
 11) nghttp2/1.63.0                     30) intel-tbb/2021.12.0
 12) curl/8.10.1                        31) intel-oneapi-mkl/2024.2.2
 13) cmake/3.27.9                       32) ip/5.1.0
 14) libjpeg/2.1.0                      33) w3emc/2.10.0
 15) jasper/2.0.32                      34) nemsio/2.5.4
 16) zlib/1.2.11                        35) sigio/2.3.3
 17) libpng/1.6.37                      36) wrf-io/1.2.0
 18) hdf5/1.14.3                        37) upp_common
 19) snappy/1.2.1                       38) derecho_intel

  Where:
   S:  Module is Sticky, requires --force to unload or purge

 

Date in format is: 2025-05-19_00.00.00
Filling Namelist for upp
rm: No match.
rm: No match.
rm: No match.
Warning: no access to tty (Inappropriate ioctl for device).
Thus no job control in this shell.
Warning: no access to tty (Inappropriate ioctl for device).
Thus no job control in this shell.

Currently Loaded Modules:
  1) stack-oneapi/2024.2.1              20) zstd/1.5.6
  2) ncarenv/24.12                 (S)  21) c-blosc/1.21.5
  3) craype/2.7.31                      22) netcdf-c/4.9.2
  4) intel/2024.2.1                     23) netcdf-fortran/4.6.1
  5) libfabric/1.15.2.0                 24) bacio/2.4.1
  6) cray-mpich/8.1.29                  25) crtm-fix/2.4.0.1_emc
  7) stack-cray-mpich/8.1.29            26) git-lfs/3.5.1
  8) glibc/2.31                         27) crtm/2.4.0.1
  9) intel-oneapi-runtime/2024.2.1      28) g2/3.5.1
 10) mbedtls/3.6.2                      29) g2tmpl/1.13.0
 11) nghttp2/1.63.0                     30) intel-tbb/2021.12.0
 12) curl/8.10.1                        31) intel-oneapi-mkl/2024.2.2
 13) cmake/3.27.9                       32) ip/5.1.0
 14) libjpeg/2.1.0                      33) w3emc/2.10.0
 15) jasper/2.0.32                      34) nemsio/2.5.4
 16) zlib/1.2.11                        35) sigio/2.3.3
 17) libpng/1.6.37                      36) wrf-io/1.2.0
 18) hdf5/1.14.3                        37) upp_common
 19) snappy/1.2.1                       38) derecho_intel

  Where:
   S:  Module is Sticky, requires --force to unload or purge

 

Date in format is: 2025-05-21_00.00.00
Filling Namelist for upp
rm: No match.
rm: No match.
rm: No match.
ls: No match.
cat: No match.

Currently Loaded Modules:
  1) stack-oneapi/2024.2.1              20) zstd/1.5.6
  2) ncarenv/24.12                 (S)  21) c-blosc/1.21.5
  3) craype/2.7.31                      22) netcdf-c/4.9.2
  4) intel/2024.2.1                     23) netcdf-fortran/4.6.1
  5) libfabric/1.15.2.0                 24) bacio/2.4.1
  6) cray-mpich/8.1.29                  25) crtm-fix/2.4.0.1_emc
  7) stack-cray-mpich/8.1.29            26) git-lfs/3.5.1
  8) glibc/2.31                         27) crtm/2.4.0.1
  9) intel-oneapi-runtime/2024.2.1      28) g2/3.5.1
 10) mbedtls/3.6.2                      29) g2tmpl/1.13.0
 11) nghttp2/1.63.0                     30) intel-tbb/2021.12.0
 12) curl/8.10.1                        31) intel-oneapi-mkl/2024.2.2
 13) cmake/3.27.9                       32) ip/5.1.0
 14) libjpeg/2.1.0                      33) w3emc/2.10.0
 15) jasper/2.0.32                      34) nemsio/2.5.4
 16) zlib/1.2.11                        35) sigio/2.3.3
 17) libpng/1.6.37                      36) wrf-io/1.2.0
 18) hdf5/1.14.3                        37) upp_common
 19) snappy/1.2.1                       38) derecho_intel

  Where:
   S:  Module is Sticky, requires --force to unload or purge

 

Date in format is: 2025-05-20_00.00.00
Filling Namelist for upp
rm: No match.
rm: No match.
rm: No match.
Warning: no access to tty (Inappropriate ioctl for device).
Thus no job control in this shell.
ls: No match.
cat: No match.
Warning: no access to tty (Inappropriate ioctl for device).
Thus no job control in this shell.

Currently Loaded Modules:
  1) stack-oneapi/2024.2.1              20) zstd/1.5.6
  2) ncarenv/24.12                 (S)  21) c-blosc/1.21.5
  3) craype/2.7.31                      22) netcdf-c/4.9.2
  4) intel/2024.2.1                     23) netcdf-fortran/4.6.1
  5) libfabric/1.15.2.0                 24) bacio/2.4.1
  6) cray-mpich/8.1.29                  25) crtm-fix/2.4.0.1_emc
  7) stack-cray-mpich/8.1.29            26) git-lfs/3.5.1
  8) glibc/2.31                         27) crtm/2.4.0.1
  9) intel-oneapi-runtime/2024.2.1      28) g2/3.5.1
 10) mbedtls/3.6.2                      29) g2tmpl/1.13.0
 11) nghttp2/1.63.0                     30) intel-tbb/2021.12.0
 12) curl/8.10.1                        31) intel-oneapi-mkl/2024.2.2
 13) cmake/3.27.9                       32) ip/5.1.0
 14) libjpeg/2.1.0                      33) w3emc/2.10.0
 15) jasper/2.0.32                      34) nemsio/2.5.4
 16) zlib/1.2.11                        35) sigio/2.3.3
 17) libpng/1.6.37                      36) wrf-io/1.2.0
 18) hdf5/1.14.3                        37) upp_common
 19) snappy/1.2.1                       38) derecho_intel

  Where:
   S:  Module is Sticky, requires --force to unload or purge

 

Date in format is: 2025-05-22_00.00.00

Currently Loaded Modules:
  1) stack-oneapi/2024.2.1              20) zstd/1.5.6
  2) ncarenv/24.12                 (S)  21) c-blosc/1.21.5
  3) craype/2.7.31                      22) netcdf-c/4.9.2
  4) intel/2024.2.1                     23) netcdf-fortran/4.6.1
  5) libfabric/1.15.2.0                 24) bacio/2.4.1
  6) cray-mpich/8.1.29                  25) crtm-fix/2.4.0.1_emc
  7) stack-cray-mpich/8.1.29            26) git-lfs/3.5.1
  8) glibc/2.31                         27) crtm/2.4.0.1
  9) intel-oneapi-runtime/2024.2.1      28) g2/3.5.1
 10) mbedtls/3.6.2                      29) g2tmpl/1.13.0
 11) nghttp2/1.63.0                     30) intel-tbb/2021.12.0
 12) curl/8.10.1                        31) intel-oneapi-mkl/2024.2.2
 13) cmake/3.27.9                       32) ip/5.1.0
 14) libjpeg/2.1.0                      33) w3emc/2.10.0
 15) jasper/2.0.32                      34) nemsio/2.5.4
 16) zlib/1.2.11                        35) sigio/2.3.3
 17) libpng/1.6.37                      36) wrf-io/1.2.0
 18) hdf5/1.14.3                        37) upp_common
 19) snappy/1.2.1                       38) derecho_intel

  Where:
   S:  Module is Sticky, requires --force to unload or purge

 

Filling Namelist for upp
rm: No match.
rm: No match.
rm: No match.
Date in format is: 2025-05-16_00.00.00
Filling Namelist for upp
rm: No match.
rm: No match.
rm: No match.
ls: No match.
cat: No match.
Warning: no access to tty (Inappropriate ioctl for device).
Thus no job control in this shell.
Warning: no access to tty (Inappropriate ioctl for device).
Thus no job control in this shell.
Warning: no access to tty (Inappropriate ioctl for device).
Thus no job control in this shell.
Warning: no access to tty (Inappropriate ioctl for device).
Thus no job control in this shell.
Warning: no access to tty (Inappropriate ioctl for device).
Thus no job control in this shell.
Warning: no access to tty (Inappropriate ioctl for device).
Thus no job control in this shell.
Warning: no access to tty (Inappropriate ioctl for device).
Thus no job control in this shell.
Warning: no access to tty (Inappropriate ioctl for device).
Thus no job control in this shell.

Currently Loaded Modules:
  1) stack-oneapi/2024.2.1              20) zstd/1.5.6
  2) ncarenv/24.12                 (S)  21) c-blosc/1.21.5
  3) craype/2.7.31                      22) netcdf-c/4.9.2
  4) intel/2024.2.1                     23) netcdf-fortran/4.6.1
  5) libfabric/1.15.2.0                 24) bacio/2.4.1
  6) cray-mpich/8.1.29                  25) crtm-fix/2.4.0.1_emc
  7) stack-cray-mpich/8.1.29            26) git-lfs/3.5.1
  8) glibc/2.31                         27) crtm/2.4.0.1
  9) intel-oneapi-runtime/2024.2.1      28) g2/3.5.1
 10) mbedtls/3.6.2                      29) g2tmpl/1.13.0
 11) nghttp2/1.63.0                     30) intel-tbb/2021.12.0
 12) curl/8.10.1                        31) intel-oneapi-mkl/2024.2.2
 13) cmake/3.27.9                       32) ip/5.1.0
 14) libjpeg/2.1.0                      33) w3emc/2.10.0
 15) jasper/2.0.32                      34) nemsio/2.5.4
 16) zlib/1.2.11                        35) sigio/2.3.3
 17) libpng/1.6.37                      36) wrf-io/1.2.0
 18) hdf5/1.14.3                        37) upp_common
 19) snappy/1.2.1                       38) derecho_intel

  Where:
   S:  Module is Sticky, requires --force to unload or purge

 

Date in format is: 2025-05-23_00.00.00

Currently Loaded Modules:
  1) stack-oneapi/2024.2.1              20) zstd/1.5.6
  2) ncarenv/24.12                 (S)  21) c-blosc/1.21.5
  3) craype/2.7.31                      22) netcdf-c/4.9.2
  4) intel/2024.2.1                     23) netcdf-fortran/4.6.1
  5) libfabric/1.15.2.0                 24) bacio/2.4.1
  6) cray-mpich/8.1.29                  25) crtm-fix/2.4.0.1_emc
  7) stack-cray-mpich/8.1.29            26) git-lfs/3.5.1
  8) glibc/2.31                         27) crtm/2.4.0.1
  9) intel-oneapi-runtime/2024.2.1      28) g2/3.5.1
 10) mbedtls/3.6.2                      29) g2tmpl/1.13.0
 11) nghttp2/1.63.0                     30) intel-tbb/2021.12.0
 12) curl/8.10.1                        31) intel-oneapi-mkl/2024.2.2
 13) cmake/3.27.9                       32) ip/5.1.0
 14) libjpeg/2.1.0                      33) w3emc/2.10.0
 15) jasper/2.0.32                      34) nemsio/2.5.4
 16) zlib/1.2.11                        35) sigio/2.3.3
 17) libpng/1.6.37                      36) wrf-io/1.2.0
 18) hdf5/1.14.3                        37) upp_common
 19) snappy/1.2.1                       38) derecho_intel

  Where:
   S:  Module is Sticky, requires --force to unload or purge

 


Currently Loaded Modules:
  1) stack-oneapi/2024.2.1              20) zstd/1.5.6
  2) ncarenv/24.12                 (S)  21) c-blosc/1.21.5
  3) craype/2.7.31                      22) netcdf-c/4.9.2
  4) intel/2024.2.1                     23) netcdf-fortran/4.6.1
  5) libfabric/1.15.2.0                 24) bacio/2.4.1
  6) cray-mpich/8.1.29                  25) crtm-fix/2.4.0.1_emc
  7) stack-cray-mpich/8.1.29            26) git-lfs/3.5.1
  8) glibc/2.31                         27) crtm/2.4.0.1
  9) intel-oneapi-runtime/2024.2.1      28) g2/3.5.1
 10) mbedtls/3.6.2                      29) g2tmpl/1.13.0
 11) nghttp2/1.63.0                     30) intel-tbb/2021.12.0
 12) curl/8.10.1                        31) intel-oneapi-mkl/2024.2.2
 13) cmake/3.27.9                       32) ip/5.1.0
 14) libjpeg/2.1.0                      33) w3emc/2.10.0
 15) jasper/2.0.32                      34) nemsio/2.5.4
 16) zlib/1.2.11                        35) sigio/2.3.3
 17) libpng/1.6.37                      36) wrf-io/1.2.0
 18) hdf5/1.14.3                        37) upp_common
 19) snappy/1.2.1                       38) derecho_intel

  Where:
   S:  Module is Sticky, requires --force to unload or purge

 

Filling Namelist for upp
rm: No match.
rm: No match.
rm: No match.
Date in format is: 2025-05-29_00.00.00
Date in format is: 2025-05-24_00.00.00

Currently Loaded Modules:
  1) stack-oneapi/2024.2.1              20) zstd/1.5.6
  2) ncarenv/24.12                 (S)  21) c-blosc/1.21.5
  3) craype/2.7.31                      22) netcdf-c/4.9.2
  4) intel/2024.2.1                     23) netcdf-fortran/4.6.1
  5) libfabric/1.15.2.0                 24) bacio/2.4.1
  6) cray-mpich/8.1.29                  25) crtm-fix/2.4.0.1_emc
  7) stack-cray-mpich/8.1.29            26) git-lfs/3.5.1
  8) glibc/2.31                         27) crtm/2.4.0.1
  9) intel-oneapi-runtime/2024.2.1      28) g2/3.5.1
 10) mbedtls/3.6.2                      29) g2tmpl/1.13.0
 11) nghttp2/1.63.0                     30) intel-tbb/2021.12.0
 12) curl/8.10.1                        31) intel-oneapi-mkl/2024.2.2
 13) cmake/3.27.9                       32) ip/5.1.0
 14) libjpeg/2.1.0                      33) w3emc/2.10.0
 15) jasper/2.0.32                      34) nemsio/2.5.4
 16) zlib/1.2.11                        35) sigio/2.3.3
 17) libpng/1.6.37                      36) wrf-io/1.2.0
 18) hdf5/1.14.3                        37) upp_common
 19) snappy/1.2.1                       38) derecho_intel

  Where:
   S:  Module is Sticky, requires --force to unload or purge

 


Currently Loaded Modules:
  1) stack-oneapi/2024.2.1              20) zstd/1.5.6
  2) ncarenv/24.12                 (S)  21) c-blosc/1.21.5
  3) craype/2.7.31                      22) netcdf-c/4.9.2
  4) intel/2024.2.1                     23) netcdf-fortran/4.6.1
  5) libfabric/1.15.2.0                 24) bacio/2.4.1
  6) cray-mpich/8.1.29                  25) crtm-fix/2.4.0.1_emc
  7) stack-cray-mpich/8.1.29            26) git-lfs/3.5.1
  8) glibc/2.31                         27) crtm/2.4.0.1
  9) intel-oneapi-runtime/2024.2.1      28) g2/3.5.1
 10) mbedtls/3.6.2                      29) g2tmpl/1.13.0
 11) nghttp2/1.63.0                     30) intel-tbb/2021.12.0
 12) curl/8.10.1                        31) intel-oneapi-mkl/2024.2.2
 13) cmake/3.27.9                       32) ip/5.1.0
 14) libjpeg/2.1.0                      33) w3emc/2.10.0
 15) jasper/2.0.32                      34) nemsio/2.5.4
 16) zlib/1.2.11                        35) sigio/2.3.3
 17) libpng/1.6.37                      36) wrf-io/1.2.0
 18) hdf5/1.14.3                        37) upp_common
 19) snappy/1.2.1                       38) derecho_intel

  Where:
   S:  Module is Sticky, requires --force to unload or purge

 


Currently Loaded Modules:
  1) stack-oneapi/2024.2.1              20) zstd/1.5.6
  2) ncarenv/24.12                 (S)  21) c-blosc/1.21.5
  3) craype/2.7.31                      22) netcdf-c/4.9.2
  4) intel/2024.2.1                     23) netcdf-fortran/4.6.1
  5) libfabric/1.15.2.0                 24) bacio/2.4.1
  6) cray-mpich/8.1.29                  25) crtm-fix/2.4.0.1_emc
  7) stack-cray-mpich/8.1.29            26) git-lfs/3.5.1
  8) glibc/2.31                         27) crtm/2.4.0.1
  9) intel-oneapi-runtime/2024.2.1      28) g2/3.5.1
 10) mbedtls/3.6.2                      29) g2tmpl/1.13.0
 11) nghttp2/1.63.0                     30) intel-tbb/2021.12.0
 12) curl/8.10.1                        31) intel-oneapi-mkl/2024.2.2
 13) cmake/3.27.9                       32) ip/5.1.0
 14) libjpeg/2.1.0                      33) w3emc/2.10.0
 15) jasper/2.0.32                      34) nemsio/2.5.4
 16) zlib/1.2.11                        35) sigio/2.3.3
 17) libpng/1.6.37                      36) wrf-io/1.2.0
 18) hdf5/1.14.3                        37) upp_common
 19) snappy/1.2.1                       38) derecho_intel

  Where:
   S:  Module is Sticky, requires --force to unload or purge

 

Filling Namelist for upp
rm: No match.
rm: No match.
rm: No match.
Date in format is: 2025-05-26_00.00.00
Filling Namelist for upp
rm: No match.
rm: No match.
rm: No match.
Date in format is: 2025-05-30_00.00.00
Date in format is: 2025-05-25_00.00.00
Filling Namelist for upp
rm: No match.
rm: No match.
rm: No match.
Filling Namelist for upp
rm: No match.
rm: No match.
rm: No match.
Filling Namelist for upp
rm: No match.
rm: No match.
rm: No match.
ls: No match.
cat: No match.

Currently Loaded Modules:
  1) stack-oneapi/2024.2.1              20) zstd/1.5.6
  2) ncarenv/24.12                 (S)  21) c-blosc/1.21.5
  3) craype/2.7.31                      22) netcdf-c/4.9.2
  4) intel/2024.2.1                     23) netcdf-fortran/4.6.1
  5) libfabric/1.15.2.0                 24) bacio/2.4.1
  6) cray-mpich/8.1.29                  25) crtm-fix/2.4.0.1_emc
  7) stack-cray-mpich/8.1.29            26) git-lfs/3.5.1
  8) glibc/2.31                         27) crtm/2.4.0.1
  9) intel-oneapi-runtime/2024.2.1      28) g2/3.5.1
 10) mbedtls/3.6.2                      29) g2tmpl/1.13.0
 11) nghttp2/1.63.0                     30) intel-tbb/2021.12.0
 12) curl/8.10.1                        31) intel-oneapi-mkl/2024.2.2
 13) cmake/3.27.9                       32) ip/5.1.0
 14) libjpeg/2.1.0                      33) w3emc/2.10.0
 15) jasper/2.0.32                      34) nemsio/2.5.4
 16) zlib/1.2.11                        35) sigio/2.3.3
 17) libpng/1.6.37                      36) wrf-io/1.2.0
 18) hdf5/1.14.3                        37) upp_common
 19) snappy/1.2.1                       38) derecho_intel

  Where:
   S:  Module is Sticky, requires --force to unload or purge

 

Date in format is: 2025-05-27_00.00.00

Currently Loaded Modules:
  1) stack-oneapi/2024.2.1              20) zstd/1.5.6
  2) ncarenv/24.12                 (S)  21) c-blosc/1.21.5
  3) craype/2.7.31                      22) netcdf-c/4.9.2
  4) intel/2024.2.1                     23) netcdf-fortran/4.6.1
  5) libfabric/1.15.2.0                 24) bacio/2.4.1
  6) cray-mpich/8.1.29                  25) crtm-fix/2.4.0.1_emc
  7) stack-cray-mpich/8.1.29            26) git-lfs/3.5.1
  8) glibc/2.31                         27) crtm/2.4.0.1
  9) intel-oneapi-runtime/2024.2.1      28) g2/3.5.1
 10) mbedtls/3.6.2                      29) g2tmpl/1.13.0
 11) nghttp2/1.63.0                     30) intel-tbb/2021.12.0
 12) curl/8.10.1                        31) intel-oneapi-mkl/2024.2.2
 13) cmake/3.27.9                       32) ip/5.1.0
 14) libjpeg/2.1.0                      33) w3emc/2.10.0
 15) jasper/2.0.32                      34) nemsio/2.5.4
 16) zlib/1.2.11                        35) sigio/2.3.3
 17) libpng/1.6.37                      36) wrf-io/1.2.0
 18) hdf5/1.14.3                        37) upp_common
 19) snappy/1.2.1                       38) derecho_intel

  Where:
   S:  Module is Sticky, requires --force to unload or purge

 

ls: No match.
cat: No match.
Date in format is: 2025-05-28_00.00.00
Filling Namelist for upp
rm: No match.
rm: No match.
rm: No match.
0
Filling Namelist for upp
rm: No match.
rm: No match.
rm: No match.
ls: No match.
cat: No match.
The current date is 2025043000
ls: No match.
cat: No match.
The new date is 2025043001
Date in format is: 2025-04-30_01.00.00
Filling Namelist for upp
rm: No match.
rm: No match.
rm: No match.
0
0
0
The current date is 2025050201
The new date is 2025050202
Date in format is: 2025-05-02_02.00.00
The current date is 2025042900
The new date is 2025042901
Date in format is: 2025-04-29_01.00.00
Filling Namelist for upp
rm: No match.
rm: No match.
rm: No match.
The current date is 2025042800
Filling Namelist for upp
rm: No match.
rm: No match.
rm: No match.
The new date is 2025042801
Date in format is: 2025-04-28_01.00.00
Filling Namelist for upp
rm: No match.
rm: No match.
rm: No match.
0
The current date is 2025050100
The new date is 2025050101
Date in format is: 2025-05-01_01.00.00
Filling Namelist for upp
rm: No match.
rm: No match.
rm: No match.
0
The current date is 2025051700
The new date is 2025051701
Date in format is: 2025-05-17_01.00.00
Filling Namelist for upp
rm: No match.
rm: No match.
rm: No match.
0
The current date is 2025051800
The new date is 2025051801
Date in format is: 2025-05-18_01.00.00
Filling Namelist for upp
rm: No match.
rm: No match.
rm: No match.
0
The current date is 2025051900
The new date is 2025051901
Date in format is: 2025-05-19_01.00.00
Filling Namelist for upp
rm: No match.
rm: No match.
rm: No match.
0
The current date is 2025052200
The new date is 2025052201
Date in format is: 2025-05-22_01.00.00
Filling Namelist for upp
rm: No match.
rm: No match.
rm: No match.
0
The current date is 2025052300
The new date is 2025052301
Date in format is: 2025-05-23_01.00.00
Filling Namelist for upp
rm: No match.
rm: No match.
rm: No match.
0
0
The current date is 2025052400
The new date is 2025052401
Date in format is: 2025-05-24_01.00.00
The current date is 2025052500
The new date is 2025052501
Date in format is: 2025-05-25_01.00.00
Filling Namelist for upp
rm: No match.
rm: No match.
rm: No match.
Filling Namelist for upp
rm: No match.
rm: No match.
rm: No match.
0
The current date is 2025052600
The new date is 2025052601
Date in format is: 2025-05-26_01.00.00
0
Filling Namelist for upp
rm: No match.
rm: No match.
rm: No match.
The current date is 2025043001
The new date is 2025043002
Date in format is: 2025-04-30_02.00.00
Filling Namelist for upp
rm: No match.
rm: No match.
rm: No match.
0
0
The current date is 2025050202
The new date is 2025050203
The current date is 2025042901
The new date is 2025042902
Date in format is: 2025-05-02_03.00.00
Date in format is: 2025-04-29_02.00.00
Filling Namelist for upp
rm: No match.
rm: No match.
rm: No match.
Filling Namelist for upp
0
rm: No match.
rm: No match.
rm: No match.
The current date is 2025042801
The new date is 2025042802
Date in format is: 2025-04-28_02.00.00
Filling Namelist for upp
rm: No match.
rm: No match.
rm: No match.
0
The current date is 2025050101
The new date is 2025050102
Date in format is: 2025-05-01_02.00.00
Filling Namelist for upp
rm: No match.
rm: No match.
rm: No match.
0
The current date is 2025051701
The new date is 2025051702
Date in format is: 2025-05-17_02.00.00
Filling Namelist for upp
rm: No match.
rm: No match.
rm: No match.
0
The current date is 2025051801
The new date is 2025051802
Date in format is: 2025-05-18_02.00.00
Filling Namelist for upp
rm: No match.
rm: No match.
rm: No match.
0
The current date is 2025051901
The new date is 2025051902
Date in format is: 2025-05-19_02.00.00
Filling Namelist for upp
rm: No match.
rm: No match.
rm: No match.
0
The current date is 2025052201
The new date is 2025052202
Date in format is: 2025-05-22_02.00.00
Filling Namelist for upp
rm: No match.
rm: No match.
rm: No match.
0
The current date is 2025052301
The new date is 2025052302
Date in format is: 2025-05-23_02.00.00
Filling Namelist for upp
rm: No match.
rm: No match.
rm: No match.
0
The current date is 2025052401
The new date is 2025052402
Date in format is: 2025-05-24_02.00.00
0
Filling Namelist for upp
rm: No match.
rm: No match.
rm: No match.
The current date is 2025052501
The new date is 2025052502
Date in format is: 2025-05-25_02.00.00
0
Filling Namelist for upp
rm: No match.
rm: No match.
rm: No match.
0
The current date is 2025043002
The new date is 2025043003
Date in format is: 2025-04-30_03.00.00
0
The current date is 2025052601
The new date is 2025052602
Date in format is: 2025-05-26_02.00.00
Filling Namelist for upp
rm: No match.
rm: No match.
rm: No match.
Filling Namelist for upp
rm: No match.
rm: No match.
rm: No match.
The current date is 2025042902
The new date is 2025042903
Date in format is: 2025-04-29_03.00.00
Filling Namelist for upp
rm: No match.
rm: No match.
rm: No match.
0
The current date is 2025050203
The new date is 2025050204
Date in format is: 2025-05-02_04.00.00
0
Filling Namelist for upp
rm: No match.
rm: No match.
rm: No match.
The current date is 2025042802
The new date is 2025042803
Date in format is: 2025-04-28_03.00.00
Filling Namelist for upp
rm: No match.
rm: No match.
rm: No match.
0
The current date is 2025050102
The new date is 2025050103
Date in format is: 2025-05-01_03.00.00
Filling Namelist for upp
rm: No match.
rm: No match.
rm: No match.
0
The current date is 2025051702
The new date is 2025051703
Date in format is: 2025-05-17_03.00.00
Filling Namelist for upp
rm: No match.
rm: No match.
rm: No match.
0
The current date is 2025051802
The new date is 2025051803
Date in format is: 2025-05-18_03.00.00
Filling Namelist for upp
rm: No match.
rm: No match.
rm: No match.
0
The current date is 2025051902
The new date is 2025051903
Date in format is: 2025-05-19_03.00.00
Filling Namelist for upp
rm: No match.
rm: No match.
rm: No match.
0
The current date is 2025052202
The new date is 2025052203
Date in format is: 2025-05-22_03.00.00
Filling Namelist for upp
rm: No match.
rm: No match.
rm: No match.
0
The current date is 2025052302
The new date is 2025052303
Date in format is: 2025-05-23_03.00.00
Filling Namelist for upp
rm: No match.
rm: No match.
rm: No match.
0
The current date is 2025052402
The new date is 2025052403
Date in format is: 2025-05-24_03.00.00
Filling Namelist for upp
rm: No match.
rm: No match.
rm: No match.
0
0
The current date is 2025043003
The new date is 2025043004
Date in format is: 2025-04-30_04.00.00
The current date is 2025042903
The new date is 2025042904
Date in format is: 2025-04-29_04.00.00
Filling Namelist for upp
rm: No match.
rm: No match.
rm: No match.
Filling Namelist for upp
rm: No match.
rm: No match.
rm: No match.
0
The current date is 2025052602
The new date is 2025052603
Date in format is: 2025-05-26_03.00.00
Filling Namelist for upp
rm: No match.
rm: No match.
rm: No match.
0
0
The current date is 2025050204
The new date is 2025050205
Date in format is: 2025-05-02_05.00.00
The current date is 2025052502
The new date is 2025052503
Date in format is: 2025-05-25_03.00.00
Filling Namelist for upp
rm: No match.
rm: No match.
rm: No match.
Filling Namelist for upp
rm: No match.
rm: No match.
rm: No match.
0
The current date is 2025042803
The new date is 2025042804
Date in format is: 2025-04-28_04.00.00
Filling Namelist for upp
rm: No match.
rm: No match.
rm: No match.
0
The current date is 2025050103
The new date is 2025050104
Date in format is: 2025-05-01_04.00.00
Filling Namelist for upp
rm: No match.
rm: No match.
rm: No match.
0
The current date is 2025051703
The new date is 2025051704
Date in format is: 2025-05-17_04.00.00
Filling Namelist for upp
rm: No match.
rm: No match.
rm: No match.
0
The current date is 2025051803
The new date is 2025051804
Date in format is: 2025-05-18_04.00.00
Filling Namelist for upp
rm: No match.
rm: No match.
rm: No match.
0
The current date is 2025051903
The new date is 2025051904
Date in format is: 2025-05-19_04.00.00
Filling Namelist for upp
rm: No match.
rm: No match.
rm: No match.
0
The current date is 2025052203
The new date is 2025052204
Date in format is: 2025-05-22_04.00.00
Filling Namelist for upp
rm: No match.
rm: No match.
rm: No match.
0
The current date is 2025052303
The new date is 2025052304
Date in format is: 2025-05-23_04.00.00
Filling Namelist for upp
rm: No match.
rm: No match.
rm: No match.
0
0
The current date is 2025052403
The new date is 2025052404
Date in format is: 2025-05-24_04.00.00
Filling Namelist for upp
rm: No match.
rm: No match.
rm: No match.
The current date is 2025042904
The new date is 2025042905
Date in format is: 2025-04-29_05.00.00
Filling Namelist for upp
rm: No match.
rm: No match.
rm: No match.
0
The current date is 2025043004
The new date is 2025043005
Date in format is: 2025-04-30_05.00.00
Filling Namelist for upp
rm: No match.
rm: No match.
rm: No match.
0
The current date is 2025052603
The new date is 2025052604
Date in format is: 2025-05-26_04.00.00
Filling Namelist for upp
rm: No match.
rm: No match.
rm: No match.
0
0
The current date is 2025050205
The new date is 2025050206
Date in format is: 2025-05-02_06.00.00
The current date is 2025052503
The new date is 2025052504
Date in format is: 2025-05-25_04.00.00
Filling Namelist for upp
rm: No match.
rm: No match.
rm: No match.
Filling Namelist for upp
rm: No match.
rm: No match.
rm: No match.
0
The current date is 2025042804
The new date is 2025042805
Date in format is: 2025-04-28_05.00.00
Filling Namelist for upp
rm: No match.
rm: No match.
rm: No match.
0
The current date is 2025050104
The new date is 2025050105
Date in format is: 2025-05-01_05.00.00
Filling Namelist for upp
rm: No match.
rm: No match.
rm: No match.
0
The current date is 2025051704
The new date is 2025051705
Date in format is: 2025-05-17_05.00.00
Filling Namelist for upp
rm: No match.
rm: No match.
rm: No match.
0
The current date is 2025051804
The new date is 2025051805
Date in format is: 2025-05-18_05.00.00
Filling Namelist for upp
rm: No match.
rm: No match.
rm: No match.
0
The current date is 2025051904
The new date is 2025051905
Date in format is: 2025-05-19_05.00.00
Filling Namelist for upp
rm: No match.
rm: No match.
rm: No match.
0
The current date is 2025052204
The new date is 2025052205
Date in format is: 2025-05-22_05.00.00
Filling Namelist for upp
rm: No match.
rm: No match.
rm: No match.
0
The current date is 2025052304
The new date is 2025052305
Date in format is: 2025-05-23_05.00.00
Filling Namelist for upp
rm: No match.
rm: No match.
rm: No match.
0
The current date is 2025052404
The new date is 2025052405
Date in format is: 2025-05-24_05.00.00
Filling Namelist for upp
rm: No match.
rm: No match.
rm: No match.
0
0
The current date is 2025042905
The new date is 2025042906
Date in format is: 2025-04-29_06.00.00
The current date is 2025043005
The new date is 2025043006
Date in format is: 2025-04-30_06.00.00
Filling Namelist for upp
rm: No match.
rm: No match.
rm: No match.
Filling Namelist for upp
rm: No match.
rm: No match.
rm: No match.
0
0
The current date is 2025050206
The new date is 2025050207
Date in format is: 2025-05-02_07.00.00
Filling Namelist for upp
rm: No match.
rm: No match.
rm: No match.
The current date is 2025052504
The new date is 2025052505
Date in format is: 2025-05-25_05.00.00
Filling Namelist for upp
rm: No match.
rm: No match.
rm: No match.
0
The current date is 2025052604
The new date is 2025052605
Date in format is: 2025-05-26_05.00.00
Filling Namelist for upp
rm: No match.
rm: No match.
rm: No match.
0
The current date is 2025042805
The new date is 2025042806
Date in format is: 2025-04-28_06.00.00
Filling Namelist for upp
rm: No match.
rm: No match.
rm: No match.
0
The current date is 2025050105
The new date is 2025050106
Date in format is: 2025-05-01_06.00.00
Filling Namelist for upp
rm: No match.
rm: No match.
rm: No match.
0
The current date is 2025051705
The new date is 2025051706
Date in format is: 2025-05-17_06.00.00
Filling Namelist for upp
rm: No match.
rm: No match.
rm: No match.
0
The current date is 2025051805
The new date is 2025051806
Date in format is: 2025-05-18_06.00.00
Filling Namelist for upp
rm: No match.
rm: No match.
rm: No match.
0
The current date is 2025051905
The new date is 2025051906
Date in format is: 2025-05-19_06.00.00
Filling Namelist for upp
rm: No match.
rm: No match.
rm: No match.
0
The current date is 2025052205
The new date is 2025052206
Date in format is: 2025-05-22_06.00.00
Filling Namelist for upp
rm: No match.
rm: No match.
rm: No match.
0
The current date is 2025052305
The new date is 2025052306
Date in format is: 2025-05-23_06.00.00
Filling Namelist for upp
rm: No match.
rm: No match.
rm: No match.
0
The current date is 2025052405
The new date is 2025052406
Date in format is: 2025-05-24_06.00.00
Filling Namelist for upp
rm: No match.
rm: No match.
rm: No match.
0
0
The current date is 2025043006
The new date is 2025043007
Date in format is: 2025-04-30_07.00.00
The current date is 2025042906
The new date is 2025042907
Date in format is: 2025-04-29_07.00.00
Filling Namelist for upp
rm: No match.
rm: No match.
rm: No match.
Filling Namelist for upp
rm: No match.
rm: No match.
rm: No match.
0
The current date is 2025050207
The new date is 2025050208
Date in format is: 2025-05-02_08.00.00
0
Filling Namelist for upp
rm: No match.
rm: No match.
rm: No match.
The current date is 2025052505
The new date is 2025052506
Date in format is: 2025-05-25_06.00.00
Filling Namelist for upp
rm: No match.
rm: No match.
rm: No match.
0
The current date is 2025052605
The new date is 2025052606
Date in format is: 2025-05-26_06.00.00
Filling Namelist for upp
rm: No match.
rm: No match.
rm: No match.
0
The current date is 2025042806
The new date is 2025042807
Date in format is: 2025-04-28_07.00.00
Filling Namelist for upp
rm: No match.
rm: No match.
rm: No match.
0
The current date is 2025050106
The new date is 2025050107
Date in format is: 2025-05-01_07.00.00
Filling Namelist for upp
rm: No match.
rm: No match.
rm: No match.
0
The current date is 2025051706
The new date is 2025051707
Date in format is: 2025-05-17_07.00.00
Filling Namelist for upp
rm: No match.
rm: No match.
rm: No match.
0
The current date is 2025051806
The new date is 2025051807
Date in format is: 2025-05-18_07.00.00
Filling Namelist for upp
rm: No match.
rm: No match.
rm: No match.
0
The current date is 2025051906
The new date is 2025051907
Date in format is: 2025-05-19_07.00.00
Filling Namelist for upp
rm: No match.
rm: No match.
rm: No match.
0
The current date is 2025052206
The new date is 2025052207
Date in format is: 2025-05-22_07.00.00
Filling Namelist for upp
rm: No match.
rm: No match.
rm: No match.
0
The current date is 2025052306
The new date is 2025052307
Date in format is: 2025-05-23_07.00.00
Filling Namelist for upp
rm: No match.
rm: No match.
rm: No match.
0
The current date is 2025052406
The new date is 2025052407
Date in format is: 2025-05-24_07.00.00
Filling Namelist for upp
rm: No match.
rm: No match.
rm: No match.
0
0
The current date is 2025042907
The new date is 2025042908
Date in format is: 2025-04-29_08.00.00
Filling Namelist for upp
rm: No match.
rm: No match.
rm: No match.
The current date is 2025043007
The new date is 2025043008
Date in format is: 2025-04-30_08.00.00
Filling Namelist for upp
rm: No match.
rm: No match.
rm: No match.
0
The current date is 2025050208
The new date is 2025050209
Date in format is: 2025-05-02_09.00.00
Filling Namelist for upp
rm: No match.
rm: No match.
rm: No match.
0
0
The current date is 2025052506
The new date is 2025052507
Date in format is: 2025-05-25_07.00.00
The current date is 2025052606
The new date is 2025052607
Date in format is: 2025-05-26_07.00.00
Filling Namelist for upp
rm: No match.
rm: No match.
rm: No match.
Filling Namelist for upp
rm: No match.
rm: No match.
rm: No match.
0
The current date is 2025042807
The new date is 2025042808
Date in format is: 2025-04-28_08.00.00
Filling Namelist for upp
rm: No match.
rm: No match.
rm: No match.
0
The current date is 2025051707
The new date is 2025051708
Date in format is: 2025-05-17_08.00.00
Filling Namelist for upp
rm: No match.
rm: No match.
rm: No match.
0
The current date is 2025050107
The new date is 2025050108
Date in format is: 2025-05-01_08.00.00
Filling Namelist for upp
rm: No match.
rm: No match.
rm: No match.
0
The current date is 2025051807
The new date is 2025051808
Date in format is: 2025-05-18_08.00.00
Filling Namelist for upp
rm: No match.
rm: No match.
rm: No match.
0
The current date is 2025051907
The new date is 2025051908
Date in format is: 2025-05-19_08.00.00
Filling Namelist for upp
rm: No match.
rm: No match.
rm: No match.
0
The current date is 2025052207
The new date is 2025052208
Date in format is: 2025-05-22_08.00.00
Filling Namelist for upp
rm: No match.
rm: No match.
rm: No match.
0
The current date is 2025052307
The new date is 2025052308
Date in format is: 2025-05-23_08.00.00
Filling Namelist for upp
rm: No match.
rm: No match.
rm: No match.
0
The current date is 2025052407
The new date is 2025052408
Date in format is: 2025-05-24_08.00.00
0
Filling Namelist for upp
rm: No match.
rm: No match.
rm: No match.
0
The current date is 2025042908
The new date is 2025042909
Date in format is: 2025-04-29_09.00.00
The current date is 2025043008
Filling Namelist for upp
The new date is 2025043009
rm: No match.
rm: No match.
rm: No match.
Date in format is: 2025-04-30_09.00.00
Filling Namelist for upp
rm: No match.
rm: No match.
rm: No match.
0
The current date is 2025050209
The new date is 2025050210
Date in format is: 2025-05-02_10.00.00
Filling Namelist for upp
rm: No match.
rm: No match.
rm: No match.
0
0
The current date is 2025052607
The current date is 2025052507
The new date is 2025052608
The new date is 2025052508
Date in format is: 2025-05-25_08.00.00
Date in format is: 2025-05-26_08.00.00
Filling Namelist for upp
Filling Namelist for upp
rm: No match.
rm: No match.
rm: No match.
rm: No match.
rm: No match.
rm: No match.
0
The current date is 2025042808
The new date is 2025042809
Date in format is: 2025-04-28_09.00.00
Filling Namelist for upp
rm: No match.
rm: No match.
rm: No match.
0
The current date is 2025051708
The new date is 2025051709
Date in format is: 2025-05-17_09.00.00
Filling Namelist for upp
rm: No match.
rm: No match.
rm: No match.
0
The current date is 2025050108
The new date is 2025050109
Date in format is: 2025-05-01_09.00.00
Filling Namelist for upp
rm: No match.
rm: No match.
rm: No match.
0
The current date is 2025051808
The new date is 2025051809
Date in format is: 2025-05-18_09.00.00
Filling Namelist for upp
rm: No match.
rm: No match.
rm: No match.
0
The current date is 2025051908
The new date is 2025051909
Date in format is: 2025-05-19_09.00.00
Filling Namelist for upp
rm: No match.
rm: No match.
rm: No match.
0
The current date is 2025052208
The new date is 2025052209
Date in format is: 2025-05-22_09.00.00
Filling Namelist for upp
rm: No match.
rm: No match.
rm: No match.
0
The current date is 2025052308
The new date is 2025052309
Date in format is: 2025-05-23_09.00.00
Filling Namelist for upp
rm: No match.
rm: No match.
rm: No match.
0
0
The current date is 2025042909
The new date is 2025042910
Date in format is: 2025-04-29_10.00.00
0
Filling Namelist for upp
rm: No match.
rm: No match.
rm: No match.
The current date is 2025052408
The new date is 2025052409
Date in format is: 2025-05-24_09.00.00
0
Filling Namelist for upp
rm: No match.
rm: No match.
rm: No match.
The current date is 2025043009
The new date is 2025043010
Date in format is: 2025-04-30_10.00.00
Filling Namelist for upp
rm: No match.
rm: No match.
rm: No match.
The current date is 2025050210
The new date is 2025050211
Date in format is: 2025-05-02_11.00.00
Filling Namelist for upp
rm: No match.
rm: No match.
rm: No match.
0
The current date is 2025052608
The new date is 2025052609
Date in format is: 2025-05-26_09.00.00
Filling Namelist for upp
rm: No match.
rm: No match.
rm: No match.
0
The current date is 2025052508
The new date is 2025052509
Date in format is: 2025-05-25_09.00.00
Filling Namelist for upp
rm: No match.
rm: No match.
rm: No match.
0
The current date is 2025042809
The new date is 2025042810
Date in format is: 2025-04-28_10.00.00
Filling Namelist for upp
rm: No match.
rm: No match.
rm: No match.
0
The current date is 2025051709
The new date is 2025051710
Date in format is: 2025-05-17_10.00.00
Filling Namelist for upp
rm: No match.
rm: No match.
rm: No match.
0
The current date is 2025050109
The new date is 2025050110
Date in format is: 2025-05-01_10.00.00
Filling Namelist for upp
rm: No match.
rm: No match.
rm: No match.
0
The current date is 2025051809
The new date is 2025051810
Date in format is: 2025-05-18_10.00.00
Filling Namelist for upp
rm: No match.
rm: No match.
rm: No match.
0
The current date is 2025051909
The new date is 2025051910
Date in format is: 2025-05-19_10.00.00
Filling Namelist for upp
rm: No match.
rm: No match.
rm: No match.
0
The current date is 2025052209
The new date is 2025052210
Date in format is: 2025-05-22_10.00.00
Filling Namelist for upp
rm: No match.
rm: No match.
rm: No match.
0
The current date is 2025052309
The new date is 2025052310
Date in format is: 2025-05-23_10.00.00
Filling Namelist for upp
rm: No match.
rm: No match.
rm: No match.
0
The current date is 2025042910
The new date is 2025042911
Date in format is: 2025-04-29_11.00.00
Filling Namelist for upp
rm: No match.
rm: No match.
rm: No match.
0
0
The current date is 2025050211
The new date is 2025050212
0
Date in format is: 2025-05-02_12.00.00
The current date is 2025052409
The new date is 2025052410
Date in format is: 2025-05-24_10.00.00
Filling Namelist for upp
rm: No match.
rm: No match.
rm: No match.
Filling Namelist for upp
The current date is 2025043010
rm: No match.
rm: No match.
rm: No match.
The new date is 2025043011
Date in format is: 2025-04-30_11.00.00
Filling Namelist for upp
rm: No match.
rm: No match.
rm: No match.
0
The current date is 2025052609
The new date is 2025052610
Date in format is: 2025-05-26_10.00.00
Filling Namelist for upp
rm: No match.
rm: No match.
rm: No match.
0
The current date is 2025052509
The new date is 2025052510
Date in format is: 2025-05-25_10.00.00
Filling Namelist for upp
rm: No match.
rm: No match.
rm: No match.
0
The current date is 2025051710
The new date is 2025051711
Date in format is: 2025-05-17_11.00.00
Filling Namelist for upp
rm: No match.
rm: No match.
rm: No match.
0
The current date is 2025042810
The new date is 2025042811
Date in format is: 2025-04-28_11.00.00
Filling Namelist for upp
rm: No match.
rm: No match.
rm: No match.
0
The current date is 2025050110
The new date is 2025050111
Date in format is: 2025-05-01_11.00.00
Filling Namelist for upp
rm: No match.
rm: No match.
rm: No match.
0
The current date is 2025051810
The new date is 2025051811
Date in format is: 2025-05-18_11.00.00
Filling Namelist for upp
rm: No match.
rm: No match.
rm: No match.
0
The current date is 2025051910
The new date is 2025051911
Date in format is: 2025-05-19_11.00.00
Filling Namelist for upp
rm: No match.
rm: No match.
rm: No match.
0
The current date is 2025052210
The new date is 2025052211
Date in format is: 2025-05-22_11.00.00
Filling Namelist for upp
rm: No match.
rm: No match.
rm: No match.
0
The current date is 2025052310
The new date is 2025052311
Date in format is: 2025-05-23_11.00.00
Filling Namelist for upp
rm: No match.
rm: No match.
rm: No match.
0
0
The current date is 2025050212
The new date is 2025050213
The current date is 2025042911
The new date is 2025042912
Date in format is: 2025-04-29_12.00.00
Filling Namelist for upp
rm: No match.
rm: No match.
rm: No match.
0
0
The current date is 2025052410
The new date is 2025052411
Date in format is: 2025-05-24_11.00.00
The current date is 2025043011
Filling Namelist for upp
The new date is 2025043012
rm: No match.
rm: No match.
rm: No match.
Date in format is: 2025-04-30_12.00.00
Filling Namelist for upp
rm: No match.
rm: No match.
rm: No match.
0
The current date is 2025052610
The new date is 2025052611
Date in format is: 2025-05-26_11.00.00
Filling Namelist for upp
rm: No match.
rm: No match.
rm: No match.
0
The current date is 2025051711
The new date is 2025051712
Date in format is: 2025-05-17_12.00.00
Filling Namelist for upp
rm: No match.
rm: No match.
rm: No match.
0
The current date is 2025052510
The new date is 2025052511
Date in format is: 2025-05-25_11.00.00
Filling Namelist for upp
rm: No match.
rm: No match.
rm: No match.
0
The current date is 2025042811
The new date is 2025042812
Date in format is: 2025-04-28_12.00.00
Filling Namelist for upp
rm: No match.
rm: No match.
rm: No match.
0
The current date is 2025050111
The new date is 2025050112
Date in format is: 2025-05-01_12.00.00
Filling Namelist for upp
rm: No match.
rm: No match.
rm: No match.
0
The current date is 2025051811
The new date is 2025051812
Date in format is: 2025-05-18_12.00.00
Filling Namelist for upp
rm: No match.
rm: No match.
rm: No match.
0
The current date is 2025051911
The new date is 2025051912
Date in format is: 2025-05-19_12.00.00
Filling Namelist for upp
rm: No match.
rm: No match.
rm: No match.
0
0
The current date is 2025052311
The new date is 2025052312
Date in format is: 2025-05-23_12.00.00
The current date is 2025052211
The new date is 2025052212
Date in format is: 2025-05-22_12.00.00
Filling Namelist for upp
rm: No match.
rm: No match.
rm: No match.
Filling Namelist for upp
rm: No match.
rm: No match.
rm: No match.
0
The current date is 2025042912
The new date is 2025042913
Date in format is: 2025-04-29_13.00.00
Filling Namelist for upp
rm: No match.
rm: No match.
rm: No match.
0
The current date is 2025052411
The new date is 2025052412
Date in format is: 2025-05-24_12.00.00
0
Filling Namelist for upp
rm: No match.
rm: No match.
rm: No match.
The current date is 2025043012
The new date is 2025043013
Date in format is: 2025-04-30_13.00.00
Filling Namelist for upp
rm: No match.
rm: No match.
rm: No match.
0
The current date is 2025051712
The new date is 2025051713
Date in format is: 2025-05-17_13.00.00
Filling Namelist for upp
rm: No match.
rm: No match.
rm: No match.
0
The current date is 2025052611
The new date is 2025052612
Date in format is: 2025-05-26_12.00.00
Filling Namelist for upp
rm: No match.
rm: No match.
rm: No match.
0
The current date is 2025052511
The new date is 2025052512
Date in format is: 2025-05-25_12.00.00
Filling Namelist for upp
rm: No match.
rm: No match.
rm: No match.
0
The current date is 2025042812
The new date is 2025042813
Date in format is: 2025-04-28_13.00.00
Filling Namelist for upp
rm: No match.
rm: No match.
rm: No match.
0
The current date is 2025050112
The new date is 2025050113
Date in format is: 2025-05-01_13.00.00
Filling Namelist for upp
rm: No match.
rm: No match.
rm: No match.
0
The current date is 2025051812
The new date is 2025051813
Date in format is: 2025-05-18_13.00.00
Filling Namelist for upp
rm: No match.
rm: No match.
rm: No match.
0
The current date is 2025051912
The new date is 2025051913
Date in format is: 2025-05-19_13.00.00
Filling Namelist for upp
rm: No match.
rm: No match.
rm: No match.
0
The current date is 2025052312
The new date is 2025052313
Date in format is: 2025-05-23_13.00.00
Filling Namelist for upp
rm: No match.
rm: No match.
rm: No match.
0
The current date is 2025052212
The new date is 2025052213
Date in format is: 2025-05-22_13.00.00
Filling Namelist for upp
rm: No match.
rm: No match.
rm: No match.
0
0
0
0
The current date is 2025042913
The new date is 2025042914
Date in format is: 2025-04-29_14.00.00
Filling Namelist for upp
rm: No match.
rm: No match.
rm: No match.
The current date is 2025052412
The new date is 2025052413
Date in format is: 2025-05-24_13.00.00
The current date is 2025051713
The new date is 2025051714
Date in format is: 2025-05-17_14.00.00
The current date is 2025043013
The new date is 2025043014
Date in format is: 2025-04-30_14.00.00
Filling Namelist for upp
rm: No match.
rm: No match.
rm: No match.
Filling Namelist for upp
rm: No match.
rm: No match.
rm: No match.
Filling Namelist for upp
rm: No match.
rm: No match.
rm: No match.
0
The current date is 2025052612
The new date is 2025052613
Date in format is: 2025-05-26_13.00.00
Filling Namelist for upp
rm: No match.
rm: No match.
rm: No match.
0
The current date is 2025052512
The new date is 2025052513
Date in format is: 2025-05-25_13.00.00
Filling Namelist for upp
rm: No match.
rm: No match.
rm: No match.
0
The current date is 2025042813
The new date is 2025042814
Date in format is: 2025-04-28_14.00.00
Filling Namelist for upp
rm: No match.
rm: No match.
rm: No match.
0
The current date is 2025050113
The new date is 2025050114
Date in format is: 2025-05-01_14.00.00
Filling Namelist for upp
rm: No match.
rm: No match.
rm: No match.
0
The current date is 2025051913
The new date is 2025051914
Date in format is: 2025-05-19_14.00.00
0
Filling Namelist for upp
rm: No match.
rm: No match.
rm: No match.
The current date is 2025051813
The new date is 2025051814
Date in format is: 2025-05-18_14.00.00
Filling Namelist for upp
rm: No match.
rm: No match.
rm: No match.
0
The current date is 2025052313
The new date is 2025052314
Date in format is: 2025-05-23_14.00.00
Filling Namelist for upp
rm: No match.
rm: No match.
rm: No match.
0
The current date is 2025052213
The new date is 2025052214
Date in format is: 2025-05-22_14.00.00
Filling Namelist for upp
rm: No match.
rm: No match.
rm: No match.
0
The current date is 2025051714
The new date is 2025051715
Date in format is: 2025-05-17_15.00.00
Filling Namelist for upp
rm: No match.
rm: No match.
rm: No match.
0
The current date is 2025042914
The new date is 2025042915
Date in format is: 2025-04-29_15.00.00
0
Filling Namelist for upp
rm: No match.
rm: No match.
rm: No match.
0
The current date is 2025052413
The new date is 2025052414
Date in format is: 2025-05-24_14.00.00
Filling Namelist for upp
rm: No match.
rm: No match.
rm: No match.
The current date is 2025043014
The new date is 2025043015
Date in format is: 2025-04-30_15.00.00
Filling Namelist for upp
rm: No match.
rm: No match.
rm: No match.
0
The current date is 2025052613
The new date is 2025052614
Date in format is: 2025-05-26_14.00.00
Filling Namelist for upp
rm: No match.
rm: No match.
rm: No match.
0
The current date is 2025052513
The new date is 2025052514
Date in format is: 2025-05-25_14.00.00
Filling Namelist for upp
rm: No match.
rm: No match.
rm: No match.
0
The current date is 2025042814
The new date is 2025042815
Date in format is: 2025-04-28_15.00.00
Filling Namelist for upp
rm: No match.
rm: No match.
rm: No match.
0
The current date is 2025050114
The new date is 2025050115
Date in format is: 2025-05-01_15.00.00
Filling Namelist for upp
rm: No match.
rm: No match.
rm: No match.
0
0
The current date is 2025051814
The new date is 2025051815
Date in format is: 2025-05-18_15.00.00
Filling Namelist for upp
rm: No match.
rm: No match.
rm: No match.
The current date is 2025051914
The new date is 2025051915
Date in format is: 2025-05-19_15.00.00
Filling Namelist for upp
rm: No match.
rm: No match.
rm: No match.
0
The current date is 2025052314
The new date is 2025052315
Date in format is: 2025-05-23_15.00.00
Filling Namelist for upp
rm: No match.
rm: No match.
rm: No match.
0
The current date is 2025052214
The new date is 2025052215
Date in format is: 2025-05-22_15.00.00
Filling Namelist for upp
rm: No match.
rm: No match.
rm: No match.
0
The current date is 2025051715
The new date is 2025051716
Date in format is: 2025-05-17_16.00.00
Filling Namelist for upp
rm: No match.
rm: No match.
rm: No match.
0
The current date is 2025042915
The new date is 2025042916
Date in format is: 2025-04-29_16.00.00
Filling Namelist for upp
rm: No match.
rm: No match.
rm: No match.
0
The current date is 2025052414
The new date is 2025052415
Date in format is: 2025-05-24_15.00.00
Filling Namelist for upp
rm: No match.
rm: No match.
rm: No match.
0
The current date is 2025043015
The new date is 2025043016
Date in format is: 2025-04-30_16.00.00
Filling Namelist for upp
rm: No match.
rm: No match.
rm: No match.
0
The current date is 2025052614
The new date is 2025052615
Date in format is: 2025-05-26_15.00.00
Filling Namelist for upp
rm: No match.
rm: No match.
rm: No match.
0
The current date is 2025042815
The new date is 2025042816
Date in format is: 2025-04-28_16.00.00
0
Filling Namelist for upp
rm: No match.
rm: No match.
rm: No match.
The current date is 2025052514
The new date is 2025052515
Date in format is: 2025-05-25_15.00.00
Filling Namelist for upp
rm: No match.
rm: No match.
rm: No match.
0
The current date is 2025050115
The new date is 2025050116
Date in format is: 2025-05-01_16.00.00
Filling Namelist for upp
rm: No match.
rm: No match.
rm: No match.
0
The current date is 2025051815
The new date is 2025051816
Date in format is: 2025-05-18_16.00.00
Filling Namelist for upp
rm: No match.
rm: No match.
rm: No match.
0
The current date is 2025051915
The new date is 2025051916
Date in format is: 2025-05-19_16.00.00
Filling Namelist for upp
rm: No match.
rm: No match.
rm: No match.
0
The current date is 2025052315
The new date is 2025052316
Date in format is: 2025-05-23_16.00.00
Filling Namelist for upp
rm: No match.
rm: No match.
rm: No match.
0
The current date is 2025052215
The new date is 2025052216
Date in format is: 2025-05-22_16.00.00
Filling Namelist for upp
rm: No match.
rm: No match.
rm: No match.
0
The current date is 2025051716
The new date is 2025051717
Date in format is: 2025-05-17_17.00.00
Filling Namelist for upp
rm: No match.
rm: No match.
rm: No match.
0
The current date is 2025042916
The new date is 2025042917
Date in format is: 2025-04-29_17.00.00
Filling Namelist for upp
rm: No match.
rm: No match.
rm: No match.
0
The current date is 2025052415
The new date is 2025052416
Date in format is: 2025-05-24_16.00.00
Filling Namelist for upp
rm: No match.
rm: No match.
rm: No match.
0
The current date is 2025043016
The new date is 2025043017
Date in format is: 2025-04-30_17.00.00
Filling Namelist for upp
rm: No match.
rm: No match.
rm: No match.
0
The current date is 2025052615
The new date is 2025052616
Date in format is: 2025-05-26_16.00.00
Filling Namelist for upp
rm: No match.
rm: No match.
rm: No match.
0
The current date is 2025042816
The new date is 2025042817
Date in format is: 2025-04-28_17.00.00
Filling Namelist for upp
rm: No match.
rm: No match.
rm: No match.
0
The current date is 2025052515
The new date is 2025052516
Date in format is: 2025-05-25_16.00.00
Filling Namelist for upp
rm: No match.
rm: No match.
rm: No match.
0
The current date is 2025050116
The new date is 2025050117
Date in format is: 2025-05-01_17.00.00
Filling Namelist for upp
rm: No match.
rm: No match.
rm: No match.
0
0
The current date is 2025051816
The new date is 2025051817
Date in format is: 2025-05-18_17.00.00
Filling Namelist for upp
rm: No match.
rm: No match.
rm: No match.
The current date is 2025051916
The new date is 2025051917
Date in format is: 2025-05-19_17.00.00
Filling Namelist for upp
rm: No match.
rm: No match.
rm: No match.
0
The current date is 2025052316
The new date is 2025052317
Date in format is: 2025-05-23_17.00.00
Filling Namelist for upp
rm: No match.
rm: No match.
rm: No match.
0
The current date is 2025051717
The new date is 2025051718
Date in format is: 2025-05-17_18.00.00
Filling Namelist for upp
rm: No match.
rm: No match.
rm: No match.
0
The current date is 2025052216
The new date is 2025052217
Date in format is: 2025-05-22_17.00.00
Filling Namelist for upp
rm: No match.
rm: No match.
rm: No match.
0
The current date is 2025042917
The new date is 2025042918
Date in format is: 2025-04-29_18.00.00
Filling Namelist for upp
rm: No match.
rm: No match.
rm: No match.
0
The current date is 2025052416
The new date is 2025052417
Date in format is: 2025-05-24_17.00.00
Filling Namelist for upp
rm: No match.
rm: No match.
rm: No match.
0
The current date is 2025043017
The new date is 2025043018
Date in format is: 2025-04-30_18.00.00
Filling Namelist for upp
rm: No match.
rm: No match.
rm: No match.
0
The current date is 2025052616
The new date is 2025052617
Date in format is: 2025-05-26_17.00.00
Filling Namelist for upp
rm: No match.
rm: No match.
rm: No match.
0
The current date is 2025042817
The new date is 2025042818
Date in format is: 2025-04-28_18.00.00
Filling Namelist for upp
rm: No match.
rm: No match.
rm: No match.
0
The current date is 2025052516
The new date is 2025052517
Date in format is: 2025-05-25_17.00.00
Filling Namelist for upp
rm: No match.
rm: No match.
rm: No match.
0
The current date is 2025050117
The new date is 2025050118
Date in format is: 2025-05-01_18.00.00
Filling Namelist for upp
rm: No match.
rm: No match.
rm: No match.
0
0
The current date is 2025051917
The new date is 2025051918
The current date is 2025051817
The new date is 2025051818
Date in format is: 2025-05-19_18.00.00
Date in format is: 2025-05-18_18.00.00
Filling Namelist for upp
rm: No match.
rm: No match.
rm: No match.
Filling Namelist for upp
rm: No match.
rm: No match.
rm: No match.
0
The current date is 2025052317
The new date is 2025052318
Date in format is: 2025-05-23_18.00.00
Filling Namelist for upp
rm: No match.
rm: No match.
rm: No match.
0
The current date is 2025051718
The new date is 2025051719
Date in format is: 2025-05-17_19.00.00
Filling Namelist for upp
rm: No match.
rm: No match.
rm: No match.
0
The current date is 2025042918
The new date is 2025042919
Date in format is: 2025-04-29_19.00.00
Filling Namelist for upp
rm: No match.
rm: No match.
rm: No match.
0
The current date is 2025052217
The new date is 2025052218
Date in format is: 2025-05-22_18.00.00
Filling Namelist for upp
rm: No match.
rm: No match.
rm: No match.
0
The current date is 2025052417
The new date is 2025052418
Date in format is: 2025-05-24_18.00.00
Filling Namelist for upp
rm: No match.
rm: No match.
rm: No match.
0
The current date is 2025043018
The new date is 2025043019
Date in format is: 2025-04-30_19.00.00
Filling Namelist for upp
rm: No match.
rm: No match.
rm: No match.
0
The current date is 2025052617
The new date is 2025052618
Date in format is: 2025-05-26_18.00.00
Filling Namelist for upp
rm: No match.
rm: No match.
rm: No match.
0
The current date is 2025042818
The new date is 2025042819
Date in format is: 2025-04-28_19.00.00
Filling Namelist for upp
rm: No match.
rm: No match.
rm: No match.
0
The current date is 2025052517
The new date is 2025052518
Date in format is: 2025-05-25_18.00.00
Filling Namelist for upp
rm: No match.
rm: No match.
rm: No match.
0
The current date is 2025050118
The new date is 2025050119
Date in format is: 2025-05-01_19.00.00
Filling Namelist for upp
rm: No match.
rm: No match.
rm: No match.
0
0
The current date is 2025051918
The new date is 2025051919
The current date is 2025051818
The new date is 2025051819
Date in format is: 2025-05-19_19.00.00
Date in format is: 2025-05-18_19.00.00
Filling Namelist for upp
rm: No match.
rm: No match.
rm: No match.
Filling Namelist for upp
rm: No match.
rm: No match.
rm: No match.
0
The current date is 2025052318
The new date is 2025052319
Date in format is: 2025-05-23_19.00.00
Filling Namelist for upp
rm: No match.
rm: No match.
rm: No match.
0
The current date is 2025051719
The new date is 2025051720
Date in format is: 2025-05-17_20.00.00
Filling Namelist for upp
rm: No match.
rm: No match.
rm: No match.
0
The current date is 2025042919
The new date is 2025042920
Date in format is: 2025-04-29_20.00.00
Filling Namelist for upp
rm: No match.
rm: No match.
rm: No match.
0
The current date is 2025052418
The new date is 2025052419
Date in format is: 2025-05-24_19.00.00
Filling Namelist for upp
rm: No match.
rm: No match.
rm: No match.
0
The current date is 2025052218
The new date is 2025052219
Date in format is: 2025-05-22_19.00.00
Filling Namelist for upp
rm: No match.
rm: No match.
rm: No match.
0
The current date is 2025043019
The new date is 2025043020
Date in format is: 2025-04-30_20.00.00
Filling Namelist for upp
rm: No match.
rm: No match.
rm: No match.
0
The current date is 2025052618
The new date is 2025052619
Date in format is: 2025-05-26_19.00.00
Filling Namelist for upp
rm: No match.
rm: No match.
rm: No match.
0
The current date is 2025042819
The new date is 2025042820
Date in format is: 2025-04-28_20.00.00
Filling Namelist for upp
rm: No match.
rm: No match.
rm: No match.
0
The current date is 2025052518
The new date is 2025052519
Date in format is: 2025-05-25_19.00.00
Filling Namelist for upp
rm: No match.
rm: No match.
rm: No match.
0
The current date is 2025050119
The new date is 2025050120
Date in format is: 2025-05-01_20.00.00
Filling Namelist for upp
rm: No match.
rm: No match.
rm: No match.
0
0
The current date is 2025051919
The new date is 2025051920
The current date is 2025051819
Date in format is: 2025-05-19_20.00.00
The new date is 2025051820
Date in format is: 2025-05-18_20.00.00
Filling Namelist for upp
rm: No match.
rm: No match.
rm: No match.
Filling Namelist for upp
rm: No match.
rm: No match.
rm: No match.
0
The current date is 2025052319
The new date is 2025052320
Date in format is: 2025-05-23_20.00.00
Filling Namelist for upp
rm: No match.
rm: No match.
rm: No match.
0
The current date is 2025051720
The new date is 2025051721
Date in format is: 2025-05-17_21.00.00
Filling Namelist for upp
rm: No match.
rm: No match.
rm: No match.
0
The current date is 2025042920
The new date is 2025042921
Date in format is: 2025-04-29_21.00.00
Filling Namelist for upp
rm: No match.
rm: No match.
rm: No match.
0
The current date is 2025052419
The new date is 2025052420
Date in format is: 2025-05-24_20.00.00
Filling Namelist for upp
rm: No match.
rm: No match.
rm: No match.
0
The current date is 2025052219
The new date is 2025052220
Date in format is: 2025-05-22_20.00.00
0
Filling Namelist for upp
rm: No match.
rm: No match.
rm: No match.
The current date is 2025043020
The new date is 2025043021
Date in format is: 2025-04-30_21.00.00
Filling Namelist for upp
rm: No match.
rm: No match.
rm: No match.
0
The current date is 2025052619
The new date is 2025052620
Date in format is: 2025-05-26_20.00.00
0
Filling Namelist for upp
rm: No match.
rm: No match.
rm: No match.
The current date is 2025042820
The new date is 2025042821
Date in format is: 2025-04-28_21.00.00
Filling Namelist for upp
rm: No match.
rm: No match.
rm: No match.
0
The current date is 2025052519
The new date is 2025052520
Date in format is: 2025-05-25_20.00.00
Filling Namelist for upp
rm: No match.
rm: No match.
rm: No match.
0
The current date is 2025051920
The new date is 2025051921
Date in format is: 2025-05-19_21.00.00
Filling Namelist for upp
rm: No match.
rm: No match.
rm: No match.
0
The current date is 2025051820
The new date is 2025051821
Date in format is: 2025-05-18_21.00.00
Filling Namelist for upp
rm: No match.
rm: No match.
rm: No match.
0
The current date is 2025050120
The new date is 2025050121
Date in format is: 2025-05-01_21.00.00
Filling Namelist for upp
rm: No match.
rm: No match.
rm: No match.
0
The current date is 2025052320
The new date is 2025052321
Date in format is: 2025-05-23_21.00.00
Filling Namelist for upp
rm: No match.
rm: No match.
rm: No match.
0
The current date is 2025051721
The new date is 2025051722
Date in format is: 2025-05-17_22.00.00
Filling Namelist for upp
rm: No match.
rm: No match.
rm: No match.
0
The current date is 2025042921
The new date is 2025042922
Date in format is: 2025-04-29_22.00.00
Filling Namelist for upp
rm: No match.
rm: No match.
rm: No match.
0
The current date is 2025052420
The new date is 2025052421
Date in format is: 2025-05-24_21.00.00
Filling Namelist for upp
rm: No match.
rm: No match.
rm: No match.
0
0
The current date is 2025052220
The new date is 2025052221
Date in format is: 2025-05-22_21.00.00
0
Filling Namelist for upp
rm: No match.
rm: No match.
rm: No match.
The current date is 2025042821
The new date is 2025042822
Date in format is: 2025-04-28_22.00.00
The current date is 2025043021
The new date is 2025043022
Date in format is: 2025-04-30_22.00.00
0
Filling Namelist for upp
rm: No match.
rm: No match.
rm: No match.
Filling Namelist for upp
rm: No match.
rm: No match.
rm: No match.
The current date is 2025052620
The new date is 2025052621
Date in format is: 2025-05-26_21.00.00
Filling Namelist for upp
rm: No match.
rm: No match.
rm: No match.
0
The current date is 2025052520
The new date is 2025052521
Date in format is: 2025-05-25_21.00.00
Filling Namelist for upp
rm: No match.
rm: No match.
rm: No match.
0
The current date is 2025051921
The new date is 2025051922
Date in format is: 2025-05-19_22.00.00
Filling Namelist for upp
rm: No match.
rm: No match.
rm: No match.
0
The current date is 2025051821
The new date is 2025051822
Date in format is: 2025-05-18_22.00.00
Filling Namelist for upp
rm: No match.
rm: No match.
rm: No match.
0
The current date is 2025050121
The new date is 2025050122
Date in format is: 2025-05-01_22.00.00
Filling Namelist for upp
rm: No match.
rm: No match.
rm: No match.
0
The current date is 2025052321
The new date is 2025052322
Date in format is: 2025-05-23_22.00.00
Filling Namelist for upp
rm: No match.
rm: No match.
rm: No match.
0
The current date is 2025051722
The new date is 2025051723
Date in format is: 2025-05-17_23.00.00
Filling Namelist for upp
rm: No match.
rm: No match.
rm: No match.
0
The current date is 2025042922
The new date is 2025042923
Date in format is: 2025-04-29_23.00.00
Filling Namelist for upp
rm: No match.
rm: No match.
rm: No match.
0
The current date is 2025052421
The new date is 2025052422
Date in format is: 2025-05-24_22.00.00
Filling Namelist for upp
rm: No match.
rm: No match.
rm: No match.
0
The current date is 2025042822
The new date is 2025042823
Date in format is: 2025-04-28_23.00.00
Filling Namelist for upp
rm: No match.
rm: No match.
rm: No match.
0
0
The current date is 2025052221
The new date is 2025052222
Date in format is: 2025-05-22_22.00.00
The current date is 2025043022
The new date is 2025043023
Date in format is: 2025-04-30_23.00.00
0
Filling Namelist for upp
rm: No match.
rm: No match.
rm: No match.
Filling Namelist for upp
rm: No match.
rm: No match.
rm: No match.
The current date is 2025052621
The new date is 2025052622
Date in format is: 2025-05-26_22.00.00
Filling Namelist for upp
rm: No match.
rm: No match.
rm: No match.
0
The current date is 2025052521
The new date is 2025052522
Date in format is: 2025-05-25_22.00.00
Filling Namelist for upp
rm: No match.
rm: No match.
rm: No match.
0
The current date is 2025051922
The new date is 2025051923
Date in format is: 2025-05-19_23.00.00
Filling Namelist for upp
rm: No match.
rm: No match.
rm: No match.
0
The current date is 2025051822
The new date is 2025051823
Date in format is: 2025-05-18_23.00.00
Filling Namelist for upp
rm: No match.
rm: No match.
rm: No match.
0
The current date is 2025052322
The new date is 2025052323
Date in format is: 2025-05-23_23.00.00
Filling Namelist for upp
rm: No match.
rm: No match.
rm: No match.
0
The current date is 2025050122
The new date is 2025050123
Date in format is: 2025-05-01_23.00.00
Filling Namelist for upp
rm: No match.
rm: No match.
rm: No match.
0
The current date is 2025051723
The new date is 2025051800
Date in format is: 2025-05-18_00.00.00
Filling Namelist for upp
rm: No match.
rm: No match.
rm: No match.
0
The current date is 2025042923
The new date is 2025043000
Date in format is: 2025-04-30_00.00.00
Filling Namelist for upp
rm: No match.
rm: No match.
rm: No match.
0
The current date is 2025052422
The new date is 2025052423
Date in format is: 2025-05-24_23.00.00
Filling Namelist for upp
rm: No match.
rm: No match.
rm: No match.
0
The current date is 2025042823
The new date is 2025042900
Date in format is: 2025-04-29_00.00.00
Filling Namelist for upp
rm: No match.
rm: No match.
rm: No match.
0
0
The current date is 2025043023
The new date is 2025050100
Date in format is: 2025-05-01_00.00.00
Filling Namelist for upp
rm: No match.
rm: No match.
rm: No match.
The current date is 2025052622
The new date is 2025052623
Date in format is: 2025-05-26_23.00.00
0
Filling Namelist for upp
rm: No match.
rm: No match.
rm: No match.
The current date is 2025052222
The new date is 2025052223
Date in format is: 2025-05-22_23.00.00
Filling Namelist for upp
rm: No match.
rm: No match.
rm: No match.
0
The current date is 2025052522
The new date is 2025052523
Date in format is: 2025-05-25_23.00.00
Filling Namelist for upp
rm: No match.
rm: No match.
rm: No match.
0
The current date is 2025051923
The new date is 2025052000
Date in format is: 2025-05-20_00.00.00
Filling Namelist for upp
rm: No match.
rm: No match.
rm: No match.
0
The current date is 2025051823
The new date is 2025051900
Date in format is: 2025-05-19_00.00.00
Filling Namelist for upp
rm: No match.
rm: No match.
rm: No match.
0
The current date is 2025052323
The new date is 2025052400
Date in format is: 2025-05-24_00.00.00
Filling Namelist for upp
rm: No match.
rm: No match.
rm: No match.
0
The current date is 2025050123
The new date is 2025050200
Date in format is: 2025-05-02_00.00.00
Filling Namelist for upp
rm: No match.
rm: No match.
rm: No match.
0
The current date is 2025051800
The new date is 2025051801
Date in format is: 2025-05-18_01.00.00
Filling Namelist for upp
rm: No match.
rm: No match.
rm: No match.
0
The current date is 2025043000
The new date is 2025043001
Date in format is: 2025-04-30_01.00.00
Filling Namelist for upp
rm: No match.
rm: No match.
rm: No match.
0
The current date is 2025052423
The new date is 2025052500
Date in format is: 2025-05-25_00.00.00
0
Filling Namelist for upp
rm: No match.
rm: No match.
rm: No match.
The current date is 2025042900
The new date is 2025042901
Date in format is: 2025-04-29_01.00.00
Filling Namelist for upp
rm: No match.
rm: No match.
rm: No match.
0
The current date is 2025052623
The new date is 2025052700
Date in format is: 2025-05-27_00.00.00
Filling Namelist for upp
rm: No match.
rm: No match.
rm: No match.
0
The current date is 2025052223
The new date is 2025052300
Date in format is: 2025-05-23_00.00.00
Filling Namelist for upp
rm: No match.
rm: No match.
rm: No match.
0
The current date is 2025050100
The new date is 2025050101
Date in format is: 2025-05-01_01.00.00
Filling Namelist for upp
rm: No match.
rm: No match.
rm: No match.
0
The current date is 2025052523
The new date is 2025052600
Date in format is: 2025-05-26_00.00.00
Filling Namelist for upp
rm: No match.
rm: No match.
rm: No match.
0
The current date is 2025052000
The new date is 2025052001
Date in format is: 2025-05-20_01.00.00
Filling Namelist for upp
rm: No match.
rm: No match.
rm: No match.
0
The current date is 2025051900
The new date is 2025051901
Date in format is: 2025-05-19_01.00.00
Filling Namelist for upp
rm: No match.
rm: No match.
rm: No match.
0
The current date is 2025052400
The new date is 2025052401
Date in format is: 2025-05-24_01.00.00
Filling Namelist for upp
rm: No match.
rm: No match.
rm: No match.
0
The current date is 2025051801
The new date is 2025051802
Date in format is: 2025-05-18_02.00.00
Filling Namelist for upp
rm: No match.
rm: No match.
rm: No match.
0
The current date is 2025050200
The new date is 2025050201
Date in format is: 2025-05-02_01.00.00
Filling Namelist for upp
rm: No match.
rm: No match.
rm: No match.
0
The current date is 2025043001
The new date is 2025043002
Date in format is: 2025-04-30_02.00.00
Filling Namelist for upp
rm: No match.
rm: No match.
rm: No match.
0
The current date is 2025042901
The new date is 2025042902
Date in format is: 2025-04-29_02.00.00
Filling Namelist for upp
rm: No match.
rm: No match.
rm: No match.
0
The current date is 2025052500
The new date is 2025052501
Date in format is: 2025-05-25_01.00.00
Filling Namelist for upp
rm: No match.
rm: No match.
rm: No match.
0
0
The current date is 2025052300
The new date is 2025052301
Date in format is: 2025-05-23_01.00.00
Filling Namelist for upp
rm: No match.
rm: No match.
rm: No match.
The current date is 2025052700
The new date is 2025052701
Date in format is: 2025-05-27_01.00.00
Filling Namelist for upp
rm: No match.
rm: No match.
rm: No match.
0
The current date is 2025050101
The new date is 2025050102
Date in format is: 2025-05-01_02.00.00
Filling Namelist for upp
rm: No match.
rm: No match.
rm: No match.
0
The current date is 2025052600
The new date is 2025052601
Date in format is: 2025-05-26_01.00.00
Filling Namelist for upp
rm: No match.
rm: No match.
rm: No match.
0
The current date is 2025052001
The new date is 2025052002
Date in format is: 2025-05-20_02.00.00
Filling Namelist for upp
rm: No match.
rm: No match.
rm: No match.
0
The current date is 2025052401
The new date is 2025052402
Date in format is: 2025-05-24_02.00.00
Filling Namelist for upp
rm: No match.
rm: No match.
rm: No match.
0
The current date is 2025051901
The new date is 2025051902
Date in format is: 2025-05-19_02.00.00
Filling Namelist for upp
rm: No match.
rm: No match.
rm: No match.
0
The current date is 2025051802
The new date is 2025051803
Date in format is: 2025-05-18_03.00.00
Filling Namelist for upp
rm: No match.
rm: No match.
rm: No match.
0
The current date is 2025050201
The new date is 2025050202
Date in format is: 2025-05-02_02.00.00
Filling Namelist for upp
rm: No match.
rm: No match.
rm: No match.
0
The current date is 2025043002
The new date is 2025043003
Date in format is: 2025-04-30_03.00.00
Filling Namelist for upp
rm: No match.
rm: No match.
rm: No match.
0
The current date is 2025042902
The new date is 2025042903
Date in format is: 2025-04-29_03.00.00
Filling Namelist for upp
rm: No match.
rm: No match.
rm: No match.
0
The current date is 2025052501
The new date is 2025052502
Date in format is: 2025-05-25_02.00.00
Filling Namelist for upp
rm: No match.
rm: No match.
rm: No match.
0
The current date is 2025052301
The new date is 2025052302
Date in format is: 2025-05-23_02.00.00
Filling Namelist for upp
rm: No match.
rm: No match.
rm: No match.
0
0
The current date is 2025052701
The new date is 2025052702
Date in format is: 2025-05-27_02.00.00
Filling Namelist for upp
rm: No match.
rm: No match.
rm: No match.
The current date is 2025050102
The new date is 2025050103
Date in format is: 2025-05-01_03.00.00
Filling Namelist for upp
rm: No match.
rm: No match.
rm: No match.
0
The current date is 2025052601
The new date is 2025052602
Date in format is: 2025-05-26_02.00.00
Filling Namelist for upp
rm: No match.
rm: No match.
rm: No match.
0
The current date is 2025052002
The new date is 2025052003
Date in format is: 2025-05-20_03.00.00
Filling Namelist for upp
rm: No match.
rm: No match.
rm: No match.
0
The current date is 2025052402
The new date is 2025052403
Date in format is: 2025-05-24_03.00.00
Filling Namelist for upp
rm: No match.
rm: No match.
rm: No match.
0
The current date is 2025051902
The new date is 2025051903
Date in format is: 2025-05-19_03.00.00
Filling Namelist for upp
rm: No match.
rm: No match.
rm: No match.
0
The current date is 2025051803
The new date is 2025051804
Date in format is: 2025-05-18_04.00.00
Filling Namelist for upp
rm: No match.
rm: No match.
rm: No match.
0
The current date is 2025050202
The new date is 2025050203
Date in format is: 2025-05-02_03.00.00
Filling Namelist for upp
rm: No match.
rm: No match.
rm: No match.
0
The current date is 2025043003
The new date is 2025043004
Date in format is: 2025-04-30_04.00.00
Filling Namelist for upp
rm: No match.
rm: No match.
rm: No match.
0
The current date is 2025042903
The new date is 2025042904
Date in format is: 2025-04-29_04.00.00
Filling Namelist for upp
rm: No match.
rm: No match.
rm: No match.
0
The current date is 2025052502
The new date is 2025052503
Date in format is: 2025-05-25_03.00.00
Filling Namelist for upp
rm: No match.
rm: No match.
rm: No match.
0
The current date is 2025052302
The new date is 2025052303
Date in format is: 2025-05-23_03.00.00
Filling Namelist for upp
rm: No match.
rm: No match.
rm: No match.
0
The current date is 2025050103
0
The new date is 2025050104
Date in format is: 2025-05-01_04.00.00
Filling Namelist for upp
rm: No match.
rm: No match.
rm: No match.
The current date is 2025052702
The new date is 2025052703
Date in format is: 2025-05-27_03.00.00
Filling Namelist for upp
rm: No match.
rm: No match.
rm: No match.
0
The current date is 2025052602
The new date is 2025052603
Date in format is: 2025-05-26_03.00.00
Filling Namelist for upp
rm: No match.
rm: No match.
rm: No match.
0
The current date is 2025052003
The new date is 2025052004
Date in format is: 2025-05-20_04.00.00
Filling Namelist for upp
rm: No match.
rm: No match.
rm: No match.
0
The current date is 2025052403
The new date is 2025052404
Date in format is: 2025-05-24_04.00.00
Filling Namelist for upp
rm: No match.
rm: No match.
rm: No match.
0
The current date is 2025051903
The new date is 2025051904
Date in format is: 2025-05-19_04.00.00
Filling Namelist for upp
rm: No match.
rm: No match.
rm: No match.
0
The current date is 2025051804
The new date is 2025051805
Date in format is: 2025-05-18_05.00.00
Filling Namelist for upp
rm: No match.
rm: No match.
rm: No match.
0
The current date is 2025050203
The new date is 2025050204
Date in format is: 2025-05-02_04.00.00
Filling Namelist for upp
rm: No match.
rm: No match.
rm: No match.
0
The current date is 2025042904
The new date is 2025042905
Date in format is: 2025-04-29_05.00.00
Filling Namelist for upp
rm: No match.
rm: No match.
rm: No match.
0
The current date is 2025043004
The new date is 2025043005
Date in format is: 2025-04-30_05.00.00
Filling Namelist for upp
rm: No match.
rm: No match.
rm: No match.
0
The current date is 2025052503
The new date is 2025052504
Date in format is: 2025-05-25_04.00.00
Filling Namelist for upp
rm: No match.
rm: No match.
rm: No match.
0
The current date is 2025052303
The new date is 2025052304
Date in format is: 2025-05-23_04.00.00
Filling Namelist for upp
rm: No match.
rm: No match.
rm: No match.
0
The current date is 2025050104
The new date is 2025050105
Date in format is: 2025-05-01_05.00.00
Filling Namelist for upp
rm: No match.
rm: No match.
rm: No match.
0
The current date is 2025052703
The new date is 2025052704
Date in format is: 2025-05-27_04.00.00
Filling Namelist for upp
rm: No match.
rm: No match.
rm: No match.
0
The current date is 2025052603
The new date is 2025052604
Date in format is: 2025-05-26_04.00.00
Filling Namelist for upp
rm: No match.
rm: No match.
rm: No match.
0
The current date is 2025052004
The new date is 2025052005
Date in format is: 2025-05-20_05.00.00
Filling Namelist for upp
rm: No match.
rm: No match.
rm: No match.
0
The current date is 2025052404
The new date is 2025052405
Date in format is: 2025-05-24_05.00.00
Filling Namelist for upp
rm: No match.
rm: No match.
rm: No match.
0
The current date is 2025051904
The new date is 2025051905
Date in format is: 2025-05-19_05.00.00
Filling Namelist for upp
rm: No match.
rm: No match.
rm: No match.
0
The current date is 2025051805
The new date is 2025051806
Date in format is: 2025-05-18_06.00.00
Filling Namelist for upp
rm: No match.
rm: No match.
rm: No match.
0
The current date is 2025050204
The new date is 2025050205
Date in format is: 2025-05-02_05.00.00
Filling Namelist for upp
rm: No match.
rm: No match.
rm: No match.
0
The current date is 2025042905
The new date is 2025042906
Date in format is: 2025-04-29_06.00.00
Filling Namelist for upp
rm: No match.
rm: No match.
rm: No match.
0
The current date is 2025043005
The new date is 2025043006
Date in format is: 2025-04-30_06.00.00
Filling Namelist for upp
rm: No match.
rm: No match.
rm: No match.
0
The current date is 2025052304
The new date is 2025052305
Date in format is: 2025-05-23_05.00.00
Filling Namelist for upp
rm: No match.
rm: No match.
rm: No match.
0
The current date is 2025052504
The new date is 2025052505
Date in format is: 2025-05-25_05.00.00
Filling Namelist for upp
rm: No match.
rm: No match.
rm: No match.
0
The current date is 2025050105
The new date is 2025050106
Date in format is: 2025-05-01_06.00.00
Filling Namelist for upp
rm: No match.
rm: No match.
rm: No match.
0
The current date is 2025052704
The new date is 2025052705
Date in format is: 2025-05-27_05.00.00
Filling Namelist for upp
rm: No match.
rm: No match.
rm: No match.
0
The current date is 2025052604
The new date is 2025052605
Date in format is: 2025-05-26_05.00.00
Filling Namelist for upp
rm: No match.
rm: No match.
rm: No match.
0
The current date is 2025052005
The new date is 2025052006
Date in format is: 2025-05-20_06.00.00
Filling Namelist for upp
rm: No match.
rm: No match.
rm: No match.
0
The current date is 2025052405
The new date is 2025052406
Date in format is: 2025-05-24_06.00.00
Filling Namelist for upp
rm: No match.
rm: No match.
rm: No match.
0
The current date is 2025051905
The new date is 2025051906
Date in format is: 2025-05-19_06.00.00
Filling Namelist for upp
rm: No match.
rm: No match.
rm: No match.
0
The current date is 2025051806
The new date is 2025051807
Date in format is: 2025-05-18_07.00.00
Filling Namelist for upp
rm: No match.
rm: No match.
rm: No match.
0
The current date is 2025042906
The new date is 2025042907
Date in format is: 2025-04-29_07.00.00
Filling Namelist for upp
rm: No match.
rm: No match.
rm: No match.
0
The current date is 2025050205
The new date is 2025050206
Date in format is: 2025-05-02_06.00.00
Filling Namelist for upp
rm: No match.
rm: No match.
rm: No match.
0
The current date is 2025043006
The new date is 2025043007
Date in format is: 2025-04-30_07.00.00
Filling Namelist for upp
rm: No match.
rm: No match.
rm: No match.
0
The current date is 2025052305
The new date is 2025052306
Date in format is: 2025-05-23_06.00.00
Filling Namelist for upp
rm: No match.
rm: No match.
rm: No match.
0
The current date is 2025050106
The new date is 2025050107
Date in format is: 2025-05-01_07.00.00
Filling Namelist for upp
rm: No match.
rm: No match.
rm: No match.
0
The current date is 2025052505
The new date is 2025052506
Date in format is: 2025-05-25_06.00.00
Filling Namelist for upp
rm: No match.
rm: No match.
rm: No match.
0
The current date is 2025052705
The new date is 2025052706
Date in format is: 2025-05-27_06.00.00
Filling Namelist for upp
rm: No match.
rm: No match.
rm: No match.
0
0
The current date is 2025052006
The new date is 2025052007
Date in format is: 2025-05-20_07.00.00
Filling Namelist for upp
rm: No match.
rm: No match.
rm: No match.
The current date is 2025052605
The new date is 2025052606
Date in format is: 2025-05-26_06.00.00
Filling Namelist for upp
rm: No match.
rm: No match.
rm: No match.
0
The current date is 2025052406
The new date is 2025052407
Date in format is: 2025-05-24_07.00.00
Filling Namelist for upp
rm: No match.
rm: No match.
rm: No match.
0
The current date is 2025051906
The new date is 2025051907
Date in format is: 2025-05-19_07.00.00
Filling Namelist for upp
rm: No match.
rm: No match.
rm: No match.
0
The current date is 2025051807
The new date is 2025051808
Date in format is: 2025-05-18_08.00.00
Filling Namelist for upp
rm: No match.
rm: No match.
rm: No match.
0
The current date is 2025042907
The new date is 2025042908
Date in format is: 2025-04-29_08.00.00
Filling Namelist for upp
rm: No match.
rm: No match.
rm: No match.
0
0
The current date is 2025043007
The new date is 2025043008
Date in format is: 2025-04-30_08.00.00
The current date is 2025050206
The new date is 2025050207
Filling Namelist for upp
rm: No match.
rm: No match.
rm: No match.
Date in format is: 2025-05-02_07.00.00
Filling Namelist for upp
rm: No match.
rm: No match.
rm: No match.
0
The current date is 2025052306
The new date is 2025052307
Date in format is: 2025-05-23_07.00.00
Filling Namelist for upp
rm: No match.
rm: No match.
rm: No match.
0
The current date is 2025050107
The new date is 2025050108
Date in format is: 2025-05-01_08.00.00
Filling Namelist for upp
rm: No match.
rm: No match.
rm: No match.
0
The current date is 2025052506
The new date is 2025052507
Date in format is: 2025-05-25_07.00.00
Filling Namelist for upp
rm: No match.
rm: No match.
rm: No match.
0
The current date is 2025052706
The new date is 2025052707
Date in format is: 2025-05-27_07.00.00
Filling Namelist for upp
rm: No match.
rm: No match.
rm: No match.
0
The current date is 2025052007
The new date is 2025052008
Date in format is: 2025-05-20_08.00.00
Filling Namelist for upp
rm: No match.
rm: No match.
rm: No match.
0
The current date is 2025052606
The new date is 2025052607
Date in format is: 2025-05-26_07.00.00
Filling Namelist for upp
rm: No match.
rm: No match.
rm: No match.
0
The current date is 2025052407
The new date is 2025052408
Date in format is: 2025-05-24_08.00.00
Filling Namelist for upp
rm: No match.
rm: No match.
rm: No match.
0
The current date is 2025051907
The new date is 2025051908
Date in format is: 2025-05-19_08.00.00
Filling Namelist for upp
rm: No match.
rm: No match.
rm: No match.
0
0
The current date is 2025051808
The new date is 2025051809
Date in format is: 2025-05-18_09.00.00
The current date is 2025042908
The new date is 2025042909
Date in format is: 2025-04-29_09.00.00
Filling Namelist for upp
rm: No match.
rm: No match.
rm: No match.
Filling Namelist for upp
rm: No match.
rm: No match.
rm: No match.
0
The current date is 2025043008
The new date is 2025043009
Date in format is: 2025-04-30_09.00.00
Filling Namelist for upp
rm: No match.
rm: No match.
rm: No match.
0
The current date is 2025050207
The new date is 2025050208
Date in format is: 2025-05-02_08.00.00
Filling Namelist for upp
rm: No match.
rm: No match.
rm: No match.
0
0
The current date is 2025052307
The new date is 2025052308
Date in format is: 2025-05-23_08.00.00
The current date is 2025050108
The new date is 2025050109
Date in format is: 2025-05-01_09.00.00
Filling Namelist for upp
rm: No match.
rm: No match.
rm: No match.
Filling Namelist for upp
rm: No match.
rm: No match.
rm: No match.
0
The current date is 2025052507
The new date is 2025052508
Date in format is: 2025-05-25_08.00.00
Filling Namelist for upp
rm: No match.
rm: No match.
rm: No match.
0
The current date is 2025052008
The new date is 2025052009
Date in format is: 2025-05-20_09.00.00
Filling Namelist for upp
rm: No match.
rm: No match.
rm: No match.
0
The current date is 2025052707
The new date is 2025052708
Date in format is: 2025-05-27_08.00.00
Filling Namelist for upp
rm: No match.
rm: No match.
rm: No match.
0
The current date is 2025052607
The new date is 2025052608
Date in format is: 2025-05-26_08.00.00
Filling Namelist for upp
rm: No match.
rm: No match.
rm: No match.
0
The current date is 2025052408
The new date is 2025052409
Date in format is: 2025-05-24_09.00.00
Filling Namelist for upp
rm: No match.
rm: No match.
rm: No match.
0
The current date is 2025051908
The new date is 2025051909
Date in format is: 2025-05-19_09.00.00
Filling Namelist for upp
rm: No match.
rm: No match.
rm: No match.
0
The current date is 2025042909
The new date is 2025042910
Date in format is: 2025-04-29_10.00.00
Filling Namelist for upp
rm: No match.
rm: No match.
rm: No match.
0
The current date is 2025051809
The new date is 2025051810
Date in format is: 2025-05-18_10.00.00
Filling Namelist for upp
rm: No match.
rm: No match.
rm: No match.
0
The current date is 2025043009
The new date is 2025043010
Date in format is: 2025-04-30_10.00.00
Filling Namelist for upp
rm: No match.
rm: No match.
rm: No match.
0
The current date is 2025050109
The new date is 2025050110
Date in format is: 2025-05-01_10.00.00
Filling Namelist for upp
rm: No match.
rm: No match.
rm: No match.
0
0
The current date is 2025050208
The new date is 2025050209
Date in format is: 2025-05-02_09.00.00
The current date is 2025052308
The new date is 2025052309
Filling Namelist for upp
rm: No match.
rm: No match.
rm: No match.
Date in format is: 2025-05-23_09.00.00
Filling Namelist for upp
rm: No match.
rm: No match.
rm: No match.
0
The current date is 2025052009
The new date is 2025052010
Date in format is: 2025-05-20_10.00.00
Filling Namelist for upp
rm: No match.
rm: No match.
rm: No match.
0
The current date is 2025052508
The new date is 2025052509
Date in format is: 2025-05-25_09.00.00
Filling Namelist for upp
rm: No match.
rm: No match.
rm: No match.
0
The current date is 2025052708
The new date is 2025052709
Date in format is: 2025-05-27_09.00.00
Filling Namelist for upp
rm: No match.
rm: No match.
rm: No match.
0
The current date is 2025052608
The new date is 2025052609
Date in format is: 2025-05-26_09.00.00
Filling Namelist for upp
rm: No match.
rm: No match.
rm: No match.
0
The current date is 2025052409
The new date is 2025052410
Date in format is: 2025-05-24_10.00.00
Filling Namelist for upp
rm: No match.
rm: No match.
rm: No match.
0
The current date is 2025051909
The new date is 2025051910
Date in format is: 2025-05-19_10.00.00
Filling Namelist for upp
rm: No match.
rm: No match.
rm: No match.
0
The current date is 2025042910
The new date is 2025042911
Date in format is: 2025-04-29_11.00.00
Filling Namelist for upp
rm: No match.
rm: No match.
rm: No match.
0
The current date is 2025051810
The new date is 2025051811
Date in format is: 2025-05-18_11.00.00
Filling Namelist for upp
rm: No match.
rm: No match.
rm: No match.
0
The current date is 2025043010
The new date is 2025043011
Date in format is: 2025-04-30_11.00.00
Filling Namelist for upp
rm: No match.
rm: No match.
rm: No match.
0
The current date is 2025050110
The new date is 2025050111
Date in format is: 2025-05-01_11.00.00
Filling Namelist for upp
rm: No match.
rm: No match.
rm: No match.
0
The current date is 2025052309
The new date is 2025052310
Date in format is: 2025-05-23_10.00.00
Filling Namelist for upp
rm: No match.
rm: No match.
rm: No match.
0
The current date is 2025050209
The new date is 2025050210
Date in format is: 2025-05-02_10.00.00
Filling Namelist for upp
rm: No match.
rm: No match.
rm: No match.
0
The current date is 2025052010
The new date is 2025052011
Date in format is: 2025-05-20_11.00.00
Filling Namelist for upp
rm: No match.
rm: No match.
rm: No match.
0
The current date is 2025052509
The new date is 2025052510
Date in format is: 2025-05-25_10.00.00
Filling Namelist for upp
rm: No match.
rm: No match.
rm: No match.
0
The current date is 2025052709
The new date is 2025052710
Date in format is: 2025-05-27_10.00.00
Filling Namelist for upp
rm: No match.
rm: No match.
rm: No match.
0
0
The current date is 2025052609
The new date is 2025052610
Date in format is: 2025-05-26_10.00.00
Filling Namelist for upp
rm: No match.
rm: No match.
rm: No match.
The current date is 2025052410
The new date is 2025052411
Date in format is: 2025-05-24_11.00.00
Filling Namelist for upp
rm: No match.
rm: No match.
rm: No match.
0
0
The current date is 2025051910
The new date is 2025051911
The current date is 2025042911
Date in format is: 2025-05-19_11.00.00
The new date is 2025042912
Date in format is: 2025-04-29_12.00.00
Filling Namelist for upp
rm: No match.
rm: No match.
rm: No match.
Filling Namelist for upp
rm: No match.
rm: No match.
rm: No match.
0
The current date is 2025051811
The new date is 2025051812
Date in format is: 2025-05-18_12.00.00
Filling Namelist for upp
rm: No match.
rm: No match.
rm: No match.
0
The current date is 2025050111
The new date is 2025050112
Date in format is: 2025-05-01_12.00.00
Filling Namelist for upp
rm: No match.
rm: No match.
rm: No match.
0
The current date is 2025043011
The new date is 2025043012
Date in format is: 2025-04-30_12.00.00
Filling Namelist for upp
rm: No match.
rm: No match.
rm: No match.
0
The current date is 2025052310
The new date is 2025052311
Date in format is: 2025-05-23_11.00.00
Filling Namelist for upp
rm: No match.
rm: No match.
rm: No match.
0
The current date is 2025050210
The new date is 2025050211
Date in format is: 2025-05-02_11.00.00
0
rm: No match.
rm: No match.
rm: No match.
The current date is 2025052011
The new date is 2025052012
Date in format is: 2025-05-20_12.00.00
Filling Namelist for upp
rm: No match.
rm: No match.
rm: No match.
0
The current date is 2025052510
The new date is 2025052511
Date in format is: 2025-05-25_11.00.00
Filling Namelist for upp
rm: No match.
rm: No match.
rm: No match.
0
The current date is 2025052710
The new date is 2025052711
Date in format is: 2025-05-27_11.00.00
Filling Namelist for upp
rm: No match.
rm: No match.
rm: No match.
0
The current date is 2025052411
The new date is 2025052412
Date in format is: 2025-05-24_12.00.00
Filling Namelist for upp
rm: No match.
rm: No match.
rm: No match.
0
The current date is 2025052610
The new date is 2025052611
Date in format is: 2025-05-26_11.00.00
Filling Namelist for upp
rm: No match.
rm: No match.
rm: No match.
0
The current date is 2025042912
The new date is 2025042913
0
The current date is 2025051911
The new date is 2025051912
Date in format is: 2025-05-19_12.00.00
Filling Namelist for upp
rm: No match.
rm: No match.
rm: No match.
0
The current date is 2025051812
The new date is 2025051813
0
The current date is 2025050112
The new date is 2025050113
0
The current date is 2025043012
The new date is 2025043013
0
The current date is 2025052311
The new date is 2025052312
Date in format is: 2025-05-23_12.00.00
Filling Namelist for upp
rm: No match.
rm: No match.
rm: No match.
0
The current date is 2025052012
The new date is 2025052013
0
The current date is 2025050211
The new date is 2025050212
Date in format is: 2025-05-02_12.00.00
Filling Namelist for upp
rm: No match.
rm: No match.
rm: No match.
0
The current date is 2025052511
The new date is 2025052512
Date in format is: 2025-05-25_12.00.00
Filling Namelist for upp
rm: No match.
rm: No match.
rm: No match.
0
The current date is 2025052711
The new date is 2025052712
Date in format is: 2025-05-27_12.00.00
Filling Namelist for upp
rm: No match.
rm: No match.
rm: No match.
0
The current date is 2025052412
The new date is 2025052413
0
The current date is 2025052611
The new date is 2025052612
Date in format is: 2025-05-26_12.00.00
Filling Namelist for upp
rm: No match.
rm: No match.
rm: No match.
0
The current date is 2025051912
The new date is 2025051913
0
The current date is 2025052312
The new date is 2025052313
0
The current date is 2025050212
The new date is 2025050213
0
The current date is 2025052512
The new date is 2025052513
0
The current date is 2025052712
The new date is 2025052713
0
The current date is 2025052612
The new date is 2025052613
